"recno","h1_1","h1_2","h1_3","h1_4","h1_5","h1_6","h1_7","h1_8","h1_9","h1_4drm"
7,77,2,1,480000,1,,1,,100000,480000
16,77,3,2,20000,1,3,1,20000,25000,20000
28,77,1,1,,,,,16000,15000,
30,3,6,3,,,,,40000,,
30,4,2,1,60000,1,,1,10000,40000,60000
33,77,1,1,,,,,30000,30000,
34,77,1,3,,,,,,30000,
34,77,3,3,,,,,,30000,
35,77,1,1,60000,1,,1,50000,300000,60000
36,77,1,1,30000,1,,1,60000,40000,30000
74,99,4,3,,,,,,50000,
82,99,1,3,350000,1,3,1,,,350000
82,99,3,3,350000,1,3,1,,,350000
84,99,1,3,,,,,10000,,
94,77,2,2,,,,1,15000,,
97,77,1,2,80000,1,,1,5000,30000,80000
120,77,3,3,2000,3,,1,,,951460
123,77,3,3,1500,3,,1,,,713595
124,77,2,1,,,,,25000,,
144,4,2,2,100000,1,3,1,60000,60000,100000
146,77,3,3,,,,,20000,10000,
155,3,2,1,,,,,70000,30000,
159,4,8,3,,,,,10000,5000,
172,4,8,1,35000,1,3,1,35000,18000,35000
172,77,3,3,,,,,15000,,
173,77,2,3,,,,,15000,,
175,1,4,3,,,,,10000,,
176,3,8,2,100000,1,3,1,50000,30000,100000
179,77,3,3,,,,,15000,,
180,77,1,3,,,,,15000,,
239,77,3,1,1500,3,,1,,,713595
242,77,3,2,,,,,60000,,
245,77,3,2,200000,1,,1,,50000,200000
253,77,2,1,5000,2,3,1,30000,50000,37050
254,77,2,1,,,,,40000,60000,
256,77,2,1,,,,,40000,120000,
258,77,2,1,60000,1,3,1,70000,50000,60000
258,77,3,1,,,,,,90000,
259,77,2,1,30000,1,3,1,80000,30000,30000
260,77,1,1,150000,1,3,1,60000,,150000
261,77,2,2,,,,,10000,30000,
264,77,3,3,,,,,50000,,
266,77,2,3,,,,,70000,,
267,77,3,1,100000,1,1,1,,,100000
269,77,2,3,,,,,60000,,
344,77,3,3,,,,,13000,,
389,77,1,3,,,,,50000,,
390,77,2,3,,,,,60000,,
391,77,2,3,,,,,10000,,
392,77,3,3,,,,,25000,,
396,99,4,3,,,,,30000,,
398,99,4,2,,,,,40000,,
399,3,1,2,60000,1,,1,40000,30000,60000
401,5,3,2,20000,1,,1,30000,25000,20000
405,77,2,2,,,,,50000,,
406,77,2,1,,,,,15000,30000,
407,77,1,2,,,,,10000,30000,
407,77,2,1,,,,,15000,20000,
408,77,2,1,,,,,10000,30000,
409,77,3,2,,,,,20000,50000,
409,77,2,1,,,,,5000,10000,
410,77,2,2,,,,,5000,10000,
411,77,2,1,,,,,15000,35000,
412,77,2,1,,,,,10000,25000,
413,77,2,2,,,,,5000,10000,
414,77,2,2,,,,,5000,20000,
415,77,3,1,,,,,24000,15000,
416,77,3,1,,,,,23000,19000,
417,77,3,1,,,,,23000,27000,
418,77,2,2,,,,,100000,13000,
418,77,3,2,,,,,7000,15000,
419,77,3,2,,,,,14000,12000,
420,77,3,1,,,,,24000,30000,
421,77,3,1,,,,,24000,23000,
422,77,3,1,,,,,23000,19000,
423,77,3,1,,,,,90000,19000,
423,99,4,2,,,,,75000,50000,
424,77,3,1,,,,,50000,150000,
425,77,3,1,,,,,10000,25000,
426,77,3,1,,,,,15000,30000,
427,77,3,1,,,,,10000,20000,
428,77,3,1,,,,,30000,40000,
429,77,2,1,,,,,150000,100000,
430,77,2,1,,,,,50000,40000,
431,77,3,1,,,,,25000,40000,
432,77,3,1,,,,,20000,40000,
440,77,1,3,60000,1,,1,100000,50000,60000
444,77,1,1,180000,1,3,1,,,180000
463,77,1,3,70000,1,,1,30000,10000,70000
464,77,1,1,120000,1,,1,100000,30000,120000
466,77,1,3,,,,,,15000,
512,77,1,2,,,,,100000,,
515,77,1,3,,,,,30000,,
520,77,3,3,,,,,,50000,
528,77,3,3,,,,,100000,,
529,77,2,3,,,,,,70000,
553,77,3,3,,,,,45000,,
554,77,2,1,1500,3,,1,50000,30000,717585
555,77,2,1,,,,,50000,20000,
570,5,8,2,20000,1,3,1,50000,30000,20000
577,77,3,2,,,,,125000,,
578,77,3,3,235000,1,,1,,,235000
580,77,2,3,,,,,12500,,
581,6,2,2,,,,,1000000,108000,
604,5,8,2,40000,1,3,1,25000,25000,40000
676,4,8,1,80000,1,3,1,100000,60000,80000
685,77,2,1,,,,,50000,30000,
686,77,2,2,35000,1,3,1,30000,20000,35000
687,77,2,1,,,,,30000,20000,
688,77,2,2,,,,,30000,50000,
690,77,3,2,,,,,20000,10000,
690,77,2,2,20000,1,3,1,10000,20000,20000
691,77,2,1,40000,1,,1,200000,5000,40000
691,77,2,2,,,,,20000,10000,
692,77,2,1,,,,,30000,30000,
692,77,1,2,,,,,20000,60000,
693,77,2,2,,,,,20000,80000,
696,3,1,1,900000,1,3,1,300000,,900000
698,77,2,3,100000,1,,1,50000,,100000
787,77,2,3,,,,,,15000,
789,77,2,3,,,,,25000,30000,
822,77,3,3,140000,1,,1,40000,110000,140000
827,77,3,3,120000,1,,1,50000,50000,120000
828,77,3,3,,,,,5000,,
830,77,2,3,,,,,70000,,
831,3,1,1,200000,1,,1,50000,50000,200000
831,4,1,1,400000,1,,1,30000,60000,400000
831,5,1,1,350000,1,,1,30000,40000,350000
832,77,2,3,,,,,70000,,
833,77,2,3,,,,,35000,,
833,4,1,1,1000000,1,,1,40000,50000,1000000
834,77,2,2,,,,,,40000,
838,77,3,1,,,,,18000,23000,
839,77,3,1,,,,,15000,14000,
840,77,3,1,,,,,17000,23000,
840,3,8,1,50000,1,3,1,6000,7000,50000
841,77,3,1,,,,,18000,16000,
842,77,3,2,,,,,10000,12000,
843,77,3,1,,,,,10000,7000,
844,77,3,3,,,,,12000,13000,
845,77,3,2,,,,,10000,13000,
846,77,3,1,,,,,17000,18000,
847,77,3,1,,,,,25000,20000,
848,77,3,1,,,,,35000,30000,
849,77,1,1,,,,,30000,20000,
849,77,2,2,,,,,40000,15000,
849,77,3,1,,,,,25000,35000,
850,77,2,1,,,,,20000,25000,
850,77,3,1,,,,,10000,30000,
851,77,3,1,,,,,40000,50000,
852,77,3,1,,,,,20000,70000,
853,77,3,1,,,,,30000,25000,
854,77,3,1,,,,,60000,50000,
855,99,4,3,,,,,50000,,
855,77,3,1,,,,,35000,30000,
856,77,2,1,,,,,20000,50000,
857,77,3,1,,,,,20000,80000,
858,77,3,1,,,,,10000,30000,
859,77,2,1,,,,,15000,40000,
860,77,2,1,150000,1,,1,30000,70000,150000
861,77,3,1,,,,,15000,80000,
862,77,2,1,,,,,10000,10000,
863,77,2,1,,,,,10000,20000,
864,77,2,1,,,,,25000,75000,
892,77,2,3,60000,1,,1,60000,,60000
895,77,3,3,,,,,60000,60000,
910,1,2,2,,,,,100000,,
984,77,3,3,,,,,45000,,
985,77,2,3,,,,,60000,,
986,77,3,3,,,,,50000,,
989,77,3,2,,,,,30000,10000,
998,3,8,2,50000,1,3,1,65000,45000,50000
1022,77,2,3,,,,,20000,,
1025,77,1,3,,,,,10000,,
1090,3,1,1,600000,1,,1,60000,30000,600000
1090,4,1,1,500000,1,,1,60000,25000,500000
1094,77,1,1,,,,,100000,80000,
1109,4,2,1,100000,1,,1,80000,60000,100000
1115,5,8,1,80000,1,1,1,60000,40000,80000
1117,77,3,1,,,,,10000,20000,
1117,77,2,1,,,,,20000,15000,
1118,77,1,2,,,,,50000,,
1118,77,3,2,,,,,10000,20000,
1119,3,8,1,20000,1,3,1,50000,40000,20000
1119,77,3,2,,,,,15000,15000,
1119,77,2,2,,,,,20000,,
1120,77,2,1,,,,,90000,25000,
1120,77,3,1,,,,,10000,30000,
1121,77,3,2,,,,,50000,,
1122,77,3,2,,,,,40000,60000,
1123,77,3,1,,,,,10000,5000,
1124,77,2,1,,,,,100000,20000,
1124,77,3,2,,,,,10000,5000,
1125,77,2,1,,,,,50000,40000,
1125,77,2,1,,,,,10000,50000,
1202,3,1,1,800000,1,3,1,,,800000
1214,1,2,1,,,,,18000,,
1232,77,2,2,400000,1,,1,,,400000
1233,77,1,2,500000,1,,1,100000,40000,500000
1237,77,3,2,,,,,100000,,
1241,77,2,3,,,,,90000,,
1252,77,2,3,,,,,100000,20000,
1252,77,2,3,,,,,50000,25000,
1253,77,2,3,,,,,50000,,
1254,77,3,2,500000,1,,1,200000,100000,500000
1255,77,2,3,300000,1,,1,75000,60000,300000
1256,77,2,1,,,,,150000,,
1257,77,2,3,,,,,40000,50000,
1258,77,2,3,,,,,100000,,
1259,77,2,3,,,,,200000,,
1261,77,2,2,,,,,80000,,
1261,99,4,3,,,,,30000,,
1262,77,2,1,,,,,40000,,
1263,77,1,2,,,,,70000,50000,
1264,77,2,2,,,,,80000,,
1265,3,1,1,600000,1,,1,70000,50000,600000
1265,4,8,2,40000,1,1,1,40000,35000,40000
1266,77,1,2,,,,,80000,,
1266,99,4,3,,,,,25000,,
1267,77,1,1,,,,,180000,,
1267,77,2,2,,,,,35000,,
1268,77,2,2,,,,,35000,,
1270,77,3,1,,,,,3000,10000,
1271,77,3,1,,,,,10000,20000,
1271,77,2,1,,,,,20000,30000,
1272,77,1,1,300000,1,,1,30000,50000,300000
1272,77,3,1,,,,,10000,15000,
1273,77,3,1,,,,,20000,30000,
1274,77,3,1,,,,,15000,25000,
1275,77,3,1,,,,,50000,15000,
1276,77,3,1,,,,,10000,20000,
1276,77,1,2,,,,,20000,10000,
1277,77,3,1,,,,,30000,20000,
1277,77,1,2,,,,,40000,10000,
1278,77,3,1,,,,,20000,35000,
1279,77,1,1,500000,1,,1,,,500000
1279,77,2,1,,,,,5000,6000,
1280,77,2,1,,,,,17000,14000,
1281,99,4,1,,,,,85000,13000,
1281,77,2,1,,,,,15000,16000,
1282,77,2,1,,,,,13000,15000,
1283,77,2,1,,,,,7000,4000,
1284,77,2,1,,,,,17000,15000,
1285,77,2,1,,,,,13000,12000,
1286,77,2,1,,,,,7000,7000,
1287,77,2,1,,,,,13000,15000,
1288,77,3,1,,,,,20000,30000,
1289,77,3,1,,,,,30000,120000,
1290,77,3,1,,,,,30000,70000,
1291,77,3,1,,,,,15000,80000,
1292,77,3,1,,,,,20000,30000,
1293,4,8,1,50000,1,3,1,200000,60000,50000
1293,77,3,1,,,,,20000,70000,
1294,77,3,1,,,,,15000,35000,
1295,77,3,1,,,,,30000,70000,
1296,77,3,1,,,,,20000,50000,
1306,3,3,2,50000,1,,1,150000,180000,50000
1325,3,2,2,40000,1,,1,40000,25000,40000
1327,77,1,3,,,,,30000,30000,
1328,3,8,2,40000,1,3,1,40000,25000,40000
1330,77,1,3,10000,2,,1,15000,25000,90100
1330,3,4,3,,,,,25000,40000,
1332,3,8,2,30000,1,1,1,100000,100000,30000
1332,77,1,3,,,,,50000,50000,
1370,77,1,1,,,,,60000,,
1372,77,1,1,60000,1,,1,60000,,60000
1373,77,3,1,,,,,,60000,
1374,77,1,3,,,,,60000,,
1387,77,1,1,120000,1,,1,60000,,120000
1388,77,1,1,200000,1,,1,,,200000
1391,77,1,1,,,,,12000,20000,
1414,77,2,3,,,,,60000,,
1416,77,2,1,,,,,40000,,
1418,77,3,2,,,,,35000,15000,
1427,3,8,2,70000,1,3,1,80000,60000,70000
1454,4,8,2,,,,,20000,10000,
1468,77,3,2,,,,,45000,,
1471,77,3,1,,,,,100000,,
1473,3,8,1,100000,1,3,1,50000,50000,100000
1513,3,2,1,250000,1,,1,80000,80000,250000
1532,77,2,1,,,,,60000,,
1543,4,8,1,60000,1,3,1,50000,35000,60000
1549,77,3,2,10000,2,1,1,30000,20000,90100
1550,77,2,1,5000,2,,1,40000,30000,45050
1550,77,3,2,,,,,20000,35000,
1551,77,3,1,,,,,100000,30000,
1551,77,2,2,,,,,40000,50000,
1552,77,3,2,,,,,20000,30000,
1553,77,2,1,,,,,50000,,
1554,77,2,2,,,,,40000,20000,
1554,77,3,2,100000,1,,1,5000,10000,100000
1555,77,3,2,,,,,30000,50000,
1556,77,2,2,,,,,40000,20000,
1556,77,3,2,20000,1,,1,10000,30000,20000
1557,77,3,2,20000,1,,1,20000,20000,20000
1557,77,2,2,,,,,60000,10000,
1570,4,8,2,120000,1,3,1,,60000,120000
1633,3,1,1,1100000,1,3,1,40000,120000,1100000
1633,4,1,1,1000000,1,3,1,40000,100000,1000000
1657,77,2,2,,,,,40000,,
1658,77,2,2,,,,,50000,,
1660,77,2,2,,,,,50000,,
1661,77,2,2,,,,,40000,,
1662,77,2,2,200000,1,,1,80000,,200000
1663,77,2,3,,,,,35000,,
1665,77,2,2,,,,,60000,,
1685,77,1,3,,,,,20000,,
1686,77,1,3,,,,,100000,,
1687,77,3,3,,,,,25000,,
1688,77,1,3,50000,1,,1,100000,40000,50000
1689,77,3,3,,,,,30000,,
1690,99,4,3,,,,,150000,50000,
1691,77,3,3,,,,,10000,,
1692,77,3,3,,,,,30000,,
1693,77,2,2,100000,1,,1,150000,50000,100000
1694,77,2,2,,,,,50000,,
1694,4,1,1,800000,1,,1,40000,50000,800000
1695,77,2,2,30000,1,,1,40000,25000,30000
1695,5,8,2,15000,1,3,1,30000,20000,15000
1696,77,2,2,,,,,50000,,
1698,77,2,2,,,,,100000,,
1699,3,1,1,800000,1,,1,50000,,800000
1700,77,2,2,,,,,100000,40000,
1701,77,2,2,,,,,60000,,
1702,77,3,1,,,,,14000,12000,
1703,77,3,1,,,,,17000,16000,
1704,77,3,1,,,,,19000,25000,
1705,77,3,1,,,,,17000,18000,
1706,77,3,1,,,,,14000,13500,
1707,77,3,2,,,,,15000,19000,
1708,77,3,2,,,,,19000,18500,
1709,77,3,1,,,,,25000,10000,
1710,77,3,1,,,,,17000,24000,
1711,77,2,1,,,,,20000,120000,
1712,77,2,1,,,,,10000,20000,
1713,77,2,1,,,,,20000,80000,
1714,77,2,1,,,,,20000,80000,
1715,77,2,1,,,,,30000,70000,
1716,77,2,1,,,,,10000,30000,
1717,77,2,1,,,,,15000,35000,
1718,77,2,1,,,,,25000,75000,
1719,77,2,1,,,,,30000,90000,
1720,77,3,1,,,,,25000,35000,
1720,77,2,1,,,,,20000,50000,
1721,77,1,2,20000,1,,1,30000,10000,20000
1721,77,2,3,,,,,25000,5000,
1721,77,3,1,20000,1,,1,30000,18000,20000
1721,99,4,3,,,,,15000,,
1722,77,3,1,,,,,10000,5000,
1722,6,3,1,40000,1,,1,50000,30000,40000
1722,77,2,2,10000,1,,1,6000,2000,10000
1722,77,1,3,,,,,15000,5000,
1723,77,2,2,,,,,20000,10000,
1723,77,3,1,,,,,20000,20000,
1724,77,3,1,,,,,25000,30000,
1725,77,3,2,,,,,2000,5000,
1726,77,2,2,,,,,50000,20000,
1726,77,3,1,,,,,20000,35000,
1727,3,4,3,,,,,30000,,
1727,77,3,1,,,,,20000,35000,
1728,77,3,1,,,,,20000,30000,
1752,77,1,3,200000,1,3,1,,,200000
1757,77,1,3,30000,1,,1,6000,10000,30000
1759,77,1,3,,,,,30000,50000,
1761,77,1,3,,,,,30000,60000,
1763,77,1,3,,,,,20000,20000,
1798,2,3,1,40000,1,3,1,100000,100000,40000
1801,77,2,3,,,,,,100000,
1805,77,2,3,,,,,200000,100000,
1807,5,2,1,,,,,240000,120000,
1815,77,3,3,120000,1,3,1,100000,,120000
1818,77,1,3,,,,,15000,,
1826,77,2,2,,,,,10000,30000,
1827,77,1,3,200000,1,,1,,,200000
1848,77,2,1,,,,,30000,8000,
1849,77,2,1,,,,,15000,20000,
1850,77,2,3,,,,,40000,,
1853,77,3,3,1500,3,1,1,,,720375
1863,3,8,2,80000,1,3,1,85000,60000,80000
1872,4,8,2,80000,1,3,1,80000,60000,80000
1895,77,2,3,,,,,80000,,
1905,3,8,2,30000,1,3,1,35000,35000,30000
1908,77,1,3,,,,,15000,,
1923,4,8,1,50000,1,3,1,,,50000
1947,4,2,2,200000,1,,1,50000,20000,200000
1948,3,1,1,800000,1,,1,50000,100000,800000
1981,77,1,2,120000,1,,1,80000,,120000
1981,77,3,1,,,,,15000,,
1982,77,3,2,,,,,15000,30000,
1982,77,2,1,,,,,60000,40000,
1983,77,3,1,,,,,40000,30000,
1983,77,2,2,,,,,20000,10000,
1984,77,2,2,80000,1,,1,5000,25000,80000
1985,77,2,2,,,,,20000,,
1987,77,3,2,,,,,15000,10000,
1988,77,3,1,,,,,30000,20000,
1988,77,2,1,,,,,40000,10000,
1989,77,3,1,,,,,15000,5000,
1992,77,2,3,30000,1,,1,,,30000
1998,77,2,3,50000,1,,1,25000,,50000
2004,3,1,1,60000,1,,1,60000,36000,60000
2116,77,3,3,,,,,50000,40000,
2117,77,3,2,,,,,50000,60000,
2118,77,1,3,,,,,20000,,
2119,77,2,3,,,,,100000,,
2120,77,2,3,,,,,100000,50000,
2121,77,3,3,,,,,100000,50000,
2122,77,2,3,,,,,120000,,
2123,77,3,3,,,,,60000,,
2125,77,1,2,,,,,70000,40000,
2126,77,2,2,,,,,100000,,
2127,77,1,2,,,,,120000,,
2128,77,2,2,,,,,80000,,
2129,77,2,3,,,,,70000,,
2130,77,1,3,,,,,180000,,
2131,77,1,3,,,,,90000,,
2132,77,2,3,,,,,70000,,
2133,3,1,1,500000,1,,1,50000,30000,500000
2133,4,1,1,200000,1,,1,30000,40000,200000
2134,77,3,1,,,,,20000,35000,
2135,77,3,1,,,,,15000,20000,
2136,77,3,1,,,,,25000,35000,
2137,77,3,1,,,,,40000,50000,
2138,77,3,1,,,,,20000,25000,
2139,77,3,1,,,,,25000,20000,
2140,77,3,1,,,,,15000,35000,
2141,99,4,3,,,,,20000,,
2141,77,3,1,,,,,30000,50000,
2142,77,3,1,,,,,20000,35000,
2143,77,3,1,,,,,17000,25000,
2144,77,3,1,,,,,18000,20000,
2145,77,3,1,,,,,14500,16000,
2146,77,3,1,,,,,13000,24000,
2147,77,3,1,,,,,18000,16000,
2148,77,3,1,,,,,23000,25000,
2149,77,3,1,,,,,23000,17000,
2150,77,3,1,,,,,12000,17000,
2151,77,3,1,,,,,16500,14700,
2152,77,2,1,,,,,30000,50000,
2153,77,2,1,,,,,20000,50000,
2154,3,8,1,,,,,50000,30000,
2154,77,2,1,,,,,15000,30000,
2155,77,2,1,,,,,5000,10000,
2156,77,2,1,,,,,40000,100000,
2157,77,2,1,,,,,20000,50000,
2158,77,2,1,,,,,10000,20000,
2159,77,2,1,,,,,40000,100000,
2160,77,2,1,,,,,30000,100000,
2174,99,4,2,200000,1,1,1,,,200000
2174,77,3,1,1000000,1,,1,,,1000000
2191,77,3,3,,,,,20000,10000,
2191,77,1,3,,,,,20000,10000,
2192,77,1,3,150000,1,,1,50000,100000,150000
2193,77,1,3,,,,,20000,10000,
2233,77,2,2,,,,,200000,200000,
2251,77,1,2,160000,1,,1,,,160000
2281,77,3,3,1000,3,,1,,,475120
2304,3,8,2,80000,1,3,1,70000,60000,80000
2314,77,2,3,,,,,30000,,
2315,77,2,2,,,,,100000,,
2318,77,2,3,,,,,10000,,
2320,77,2,3,,,,,40000,,
2334,4,8,1,50000,1,3,1,50000,50000,50000
2354,3,8,2,60000,1,3,1,,,60000
2389,5,3,2,140000,1,,1,50000,20000,140000
2396,77,2,2,,,,,60000,,
2404,77,2,3,,,,,30000,,
2407,77,1,3,,,,,35000,,
2409,77,2,3,,,,,38000,,
2412,77,2,2,80000,1,,1,28000,,80000
2413,77,2,1,80000,1,,1,10000,5000,80000
2414,77,3,1,,,,,80000,40000,
2414,77,2,1,,,,,40000,,
2415,77,3,2,100000,1,,1,50000,50000,100000
2416,77,2,1,,,,,3000,15000,
2418,77,2,1,,,,,20000,30000,
2419,77,2,2,,,,,10000,5000,
2419,77,1,3,20000,1,,1,,,20000
2420,77,2,2,,,,,6000,20000,
2421,77,2,2,10000,2,1,1,30000,70000,87100
2426,77,2,3,,,,,20000,,
2428,77,1,3,,,,,60000,,
2430,77,2,3,,,,,20000,,
2493,5,4,1,200000,1,1,1,,,200000
2514,77,2,1,,,,,150000,,
2540,77,2,1,,,,,100000,80000,
2548,77,2,3,,,,,30000,,
2549,77,2,3,,,,,80000,,
2550,77,2,3,,,,,150000,,
2551,77,1,3,,,,,140000,,
2552,77,1,3,,,,,150000,,
2553,77,2,3,,,,,50000,,
2554,77,2,3,,,,,20000,,
2555,77,2,3,,,,,50000,,
2556,77,2,3,,,,,100000,25000,
2566,77,1,1,,,,,25000,12000,
2566,77,3,1,,,,,40000,10000,
2567,77,3,1,,,,,20000,16000,
2568,77,3,1,,,,,18000,14000,
2569,77,3,1,,,,,16000,20000,
2569,6,1,1,240000,1,,1,,,240000
2570,77,3,1,,,,,26000,24000,
2571,77,3,1,,,,,17000,16000,
2572,77,3,1,,,,,12000,15000,
2573,77,3,1,,,,,14000,18000,
2574,77,3,1,,,,,3000,4000,
2575,77,3,1,,,,,10000,20000,
2576,77,3,1,,,,,15000,40000,
2577,77,3,1,,,,,15000,30000,
2578,77,3,1,,,,,10000,35000,
2579,77,3,1,,,,,15000,20000,
2579,77,2,2,,,,,10000,30000,
2580,77,1,1,,,,,20000,50000,
2581,77,3,2,,,,,2000,5000,
2582,77,3,1,,,,,10000,20000,
2583,77,3,1,,,,,50000,30000,
2583,77,2,2,,,,,20000,15000,
2584,77,2,1,100000,1,,1,,,100000
2584,77,2,1,,,,,30000,70000,
2585,77,2,1,,,,,5000,25000,
2586,77,1,1,,,,,15000,35000,
2586,77,2,1,,,,,10000,20000,
2587,77,2,1,,,,,25000,75000,
2588,77,3,2,30000,1,,1,35000,10000,30000
2588,77,1,1,50000,1,,1,150000,35000,50000
2588,77,2,1,40000,1,,1,40000,50000,40000
2588,77,3,1,50000,1,,1,100000,80000,50000
2588,99,4,3,,,,,30000,,
2589,77,2,1,40000,1,,1,,,40000
2589,77,2,1,,,,,25000,40000,
2590,77,2,1,,,,,20000,80000,
2591,77,3,1,70000,1,,1,,,70000
2591,77,3,1,,,,,20000,30000,
2592,77,2,1,140000,1,,1,,,140000
2592,77,2,1,,,,,25000,40000,
2606,99,5,2,400000,1,3,1,,,400000
2620,77,1,1,,,,,15000,5000,
2621,77,1,3,40000,1,,1,40000,30000,40000
2623,77,1,3,30000,1,,1,30000,100000,30000
2624,77,1,3,,,,,20000,20000,
2627,77,1,3,,,,,25000,100000,
2640,5,8,1,120000,1,3,1,180000,120000,120000
2648,77,1,1,500000,1,3,1,,,500000
2649,77,1,1,400000,1,3,1,,,400000
2658,3,3,1,4000,1,3,1,20000,25000,4000
2669,77,3,2,,,,,,200000,
2683,77,1,1,120000,1,,1,50000,,120000
2683,3,6,2,1000,4,1,1,,,525270
2688,77,1,1,,,,,30000,,
2690,77,3,2,,,,,,30000,
2693,77,1,3,,,,,50000,,
2696,77,1,2,600000,1,,1,,,600000
2697,77,1,3,,,,,,50000,
2712,77,3,3,,,,,25000,,
2714,77,2,2,,,,,35000,,
2717,77,2,3,,,,,30000,,
2748,77,2,3,,,,,30000,,
2750,6,8,1,,,,,80000,50000,
2756,77,2,3,,,,,40000,,
2764,77,3,3,,,,,25000,,
2765,77,3,3,,,,,20000,,
2767,77,1,3,,,,,15000,,
2768,77,1,3,,,,,20000,,
2768,77,1,1,300000,1,,1,120000,100000,300000
2769,77,3,3,,,,,15000,,
2772,77,3,3,,,,,15000,,
2827,77,3,2,,,,,100000,,
2828,6,8,1,,,,,10000,3000,
2829,77,3,2,,,,,60000,,
2830,77,3,3,,,,,30000,,
2833,77,8,1,,,,,10000,10000,
2845,77,3,2,50000,1,,1,10000,10000,50000
2846,77,3,2,300000,1,,1,,100000,300000
2846,77,2,2,100000,1,,1,,,100000
2846,4,2,1,100000,1,,1,70000,70000,100000
2847,77,3,1,50000,1,,1,30000,,50000
2847,77,3,3,70000,1,,1,,50000,70000
2849,77,2,2,120000,1,,1,40000,,120000
2849,77,3,2,120000,1,,1,30000,,120000
2850,77,3,2,100000,1,,1,,,100000
2851,77,3,1,20000,2,,1,120000,30000,166400
2852,77,3,2,100000,1,,1,100000,50000,100000
2852,4,8,1,20000,1,3,1,20000,20000,20000
2853,77,3,2,300000,1,,1,,200000,300000
2860,77,2,3,,,,,20000,,
2932,6,1,3,1500000,1,1,1,,,1500000
2946,77,2,3,,,,,120000,,
2949,4,8,3,,,,,100000,80000,
2955,77,3,3,50000,1,,1,80000,40000,50000
2959,77,2,3,,,,,30000,,
2980,77,1,3,,,,,50000,,
2981,77,1,3,,,,,50000,,
2982,77,3,1,,,,,50000,,
2983,77,1,3,,,,,100000,,
2984,77,3,3,,,,,40000,,
2986,77,2,3,,,,,40000,,
2988,77,1,3,,,,,70000,,
2990,77,2,2,100000,1,,1,80000,50000,100000
2992,77,3,2,50000,1,,1,100000,,50000
2993,77,3,1,50000,1,,1,130000,,50000
2996,77,2,1,,,,1,100000,,
2997,77,2,2,,,,,100000,,
2998,99,4,3,,,,,50000,20000,
2998,77,2,1,,,,,20000,30000,
2999,77,2,2,,,,,5000,15000,
3000,77,2,1,,,,,20000,30000,
3000,77,3,1,,,,,10000,20000,
3001,77,2,1,,,,,15000,35000,
3002,77,2,1,,,,,10000,30000,
3003,77,2,1,,,,,15000,30000,
3004,77,2,1,,,,,15000,25000,
3005,77,2,1,,,,,10000,30000,
3005,77,3,2,,,,,5000,10000,
3006,77,2,1,,,,,10000,40000,
3007,77,3,1,100000,1,,1,,,100000
3007,77,3,1,,,,,40000,20000,
3008,77,2,1,,,,,20000,30000,
3008,77,3,1,,,,,5000,10000,
3009,77,3,1,,,,,40000,20000,
3010,77,3,1,,,,,25000,30000,
3011,77,3,1,,,,,15000,20000,
3012,77,3,1,,,,,40000,60000,
3013,77,3,1,60000,1,,1,,,60000
3013,77,3,1,,,,,100000,70000,
3014,77,2,1,50000,1,,1,,,50000
3014,77,2,1,,,,,40000,50000,
3015,77,3,1,70000,1,,1,,,70000
3015,77,3,1,,,,,20000,70000,
3016,77,3,1,,,,,15000,20000,
3016,77,2,2,,,,,25000,10000,
3016,99,4,3,,,,,20000,,
3017,77,3,1,,,,,15000,25000,
3018,77,3,1,,,,,15000,20000,
3018,77,2,1,,,,,20000,10000,
3018,3,8,2,,,,,25000,30000,
3019,77,1,2,,,,,20000,15000,
3019,77,3,1,,,,,25000,20000,
3020,77,3,1,,,,,20000,35000,
3020,77,2,1,,,,,15000,25000,
3021,77,3,1,,,,,5000,10000,
3022,99,4,3,,,,,20000,,
3022,77,3,1,,,,,25000,30000,
3023,77,2,1,,,,,20000,15000,
3023,77,3,1,,,,,25000,30000,
3024,77,3,1,,,,,20000,30000,
3024,3,8,1,,,,,40000,50000,
3055,77,1,3,60000,1,,1,60000,60000,60000
3055,77,3,3,60000,1,,1,60000,60000,60000
3056,77,1,1,600000,1,,1,60000,60000,600000
3057,77,1,3,,,,,60000,60000,
3059,4,4,3,200,3,1,1,,10000,95956
3097,77,1,1,360000,1,,1,400000,,360000
3099,4,8,1,280000,1,3,1,200000,180000,280000
3120,99,8,1,200000,1,1,1,,,200000
3122,77,1,2,,,,1,20000,,
3124,77,1,1,500000,1,,1,,,500000
3144,77,2,3,1500,3,,1,,,719670
3145,77,2,3,1000,3,,1,,,479780
3146,77,2,1,,,,,30000,,
3147,77,2,1,,,,,40000,,
3149,77,2,3,,,,,50000,,
3150,77,2,3,1500,3,,1,,,719670
3158,3,8,2,66000,1,3,1,60000,50000,66000
3191,77,2,3,,,,,,120000,
3193,77,2,3,,,,,35000,,
3196,99,4,3,,,,,20000,,
3269,3,1,3,,,,,20000,,
3270,77,2,3,,,,,25000,,
3271,77,2,3,,,,,30000,,
3272,3,2,1,600000,1,,1,50000,,600000
3273,77,2,3,,,,,35000,,
3275,77,2,3,,,,,40000,,
3276,77,2,3,,,,,28000,,
3277,77,2,2,,,,,10000,10000,
3278,77,1,2,50000,1,,1,5000,20000,50000
3279,3,1,1,1000000,1,,1,200000,200000,1000000
3279,77,2,2,40000,1,,1,20000,30000,40000
3280,77,2,2,10000,1,,1,3000,,10000
3280,3,1,1,400000,1,,1,200000,80000,400000
3281,77,2,2,70000,1,,1,15000,10000,70000
3282,77,2,1,10000,2,,1,50000,30000,73000
3282,77,2,2,40000,1,,1,,,40000
3283,77,2,2,50000,1,,1,20000,25000,50000
3284,77,2,2,10000,1,,1,3000,4000,10000
3285,77,3,2,60000,1,,1,30000,3000,60000
3301,4,1,1,250000,1,,1,150000,,250000
3362,3,2,2,130000,1,3,1,60000,40000,130000
3404,3,1,1,2000,3,,1,100000,,959560
3412,77,1,3,,,,,80000,,
3413,77,1,3,,,,,60000,,
3414,77,2,3,,,,,100000,,
3415,77,1,3,,,,,45000,,
3416,77,1,2,,,,,120000,,
3417,77,2,3,,,,,150000,,
3419,77,3,3,,,,,60000,25000,
3420,77,1,3,,,,,180000,,
3421,77,2,2,,,,,50000,,
3422,6,1,1,,,,,60000,,
3424,3,1,2,50000,1,,1,40000,,50000
3424,4,8,2,20000,1,3,1,30000,15000,20000
3426,5,8,1,,,,,60000,,
3428,77,2,2,,,,,70000,,
3429,77,2,2,,,,,75000,,
3430,77,1,2,,,,,20000,15000,
3430,77,3,1,,,,,10000,20000,
3431,77,3,1,,,,,20000,30000,
3432,77,3,1,,,,,15000,40000,
3433,77,3,1,,,,,10000,20000,
3434,77,3,1,,,,,10000,35000,
3435,77,3,1,,,,,5000,10000,
3436,77,3,1,,,,,20000,30000,
3437,77,1,1,,,,,40000,10000,
3437,77,3,1,,,,,10000,15000,
3438,77,3,1,,,,,30000,20000,
3439,77,2,1,,,,,25000,16000,
3440,77,3,1,,,,,14000,12500,
3441,77,3,1,,,,,30000,26000,
3442,77,3,1,,,,,18000,17000,
3443,77,3,1,,,,,15000,17000,
3444,77,3,1,,,,,18000,19000,
3445,77,3,1,,,,,25000,25000,
3446,77,3,1,,,,,24000,17000,
3447,77,3,1,,,,,26000,15000,
3448,77,2,1,100000,1,,1,,,100000
3448,77,2,1,,,,,20000,30000,
3449,77,2,2,50000,1,,1,,,50000
3449,77,2,1,,,,,20000,40000,
3450,77,2,1,,,,,25000,40000,
3451,77,2,1,,,,,20000,40000,
3452,77,2,1,500,3,,1,,,239890
3452,77,2,1,,,,,25000,30000,
3453,77,2,1,150000,1,,1,,,150000
3453,77,2,1,,,,,30000,70000,
3454,77,2,1,150000,1,,1,,,150000
3454,77,2,1,,,,,20000,40000,
3455,77,2,1,500000,1,,1,,,500000
3456,77,2,1,,,,,15000,25000,
3486,77,1,3,,,,,30000,30000,
3487,77,1,3,,,,,20000,30000,
3488,77,1,3,50000,1,,1,5000,5000,50000
3490,77,1,3,10000,1,,1,10000,10000,10000
3492,77,2,1,150000,1,1,1,,100000,150000
3533,4,8,1,360000,1,3,1,,60000,360000
3553,77,3,3,,,,,,20000,
3574,77,2,3,,,,,70000,20000,
3575,77,3,3,1000,3,,1,,,481070
3578,77,3,3,700,3,,1,60000,30000,336749
3581,77,2,3,,,,,40000,,
3594,3,8,2,25000,1,3,1,30000,30000,25000
3595,3,8,2,40000,1,3,1,50000,30000,40000
3627,77,2,3,,,,,100000,30000,
3629,4,8,1,100000,1,3,1,50000,50000,100000
3635,3,5,2,,,,,20000,,
3677,5,1,3,650000,1,,1,300000,150000,650000
3677,6,1,3,400000,1,,1,,200000,400000
3683,2,1,1,,,,,50000,,
3683,5,8,2,20000,1,1,1,20000,20000,20000
3685,5,1,3,600000,1,,1,20000,60000,600000
3691,77,2,2,,,,,60000,,
3696,77,2,2,,,,,70000,,
3700,77,2,3,,,,,35000,,
3703,77,2,3,,,,,36000,,
3706,77,2,3,,,,,30000,,
3707,77,2,3,,,,,30000,,
3710,77,2,2,20000,1,,1,15000,20000,20000
3711,77,3,3,20000,1,,1,,,20000
3711,77,2,2,,,,,15000,,
3712,77,2,2,30000,1,,1,,20000,30000
3713,77,3,2,,,,,5000,5000,
3714,77,3,2,40000,1,,1,30000,,40000
3714,77,2,2,,,,,20000,,
3715,77,2,2,,,,,10000,,
3716,77,2,3,20000,1,,1,,,20000
3717,77,2,2,30000,1,,1,10000,,30000
3719,77,2,3,,,,,20000,,
3720,77,2,3,,,,,50000,,
3726,77,2,3,,,,,65000,,
3730,77,3,3,,,,,,35000,
3734,77,2,2,,,,,,50000,
3748,77,2,2,,,,,100000,,
3803,77,2,3,,,,,66700,,
3810,77,2,1,,,,,60000,,
3812,77,2,3,,,,,30000,,
3816,77,2,3,,,,,60000,,
3817,77,2,2,,,,,50000,,
3818,77,2,2,,,,,140000,,
3820,77,1,3,,,,,100000,,
3821,77,1,2,,,,,50000,,
3822,77,1,2,,,,,60000,,
3825,77,1,1,,,,,80000,,
3841,7,1,1,,,,,80000,,
3844,77,2,3,,,,,100000,,
3845,77,1,3,,,,,50000,,
3846,77,1,3,,,,,80000,,
3848,77,2,3,,,,,20000,,
3849,77,1,3,,,,,50000,,
3850,99,4,3,,,,,60000,,
3851,77,1,3,,,,,60000,,
3851,99,4,3,,,,,50000,,
3853,77,2,3,,,,,60000,,
3855,77,2,3,,,,,70000,,
3856,77,2,3,,,,,70000,,
3857,2,8,2,50000,1,3,1,40000,25000,50000
3858,77,2,3,150000,1,,1,30000,,150000
3860,77,2,3,,,,,50000,,
3861,77,2,3,,,,,50000,,
3862,77,2,1,50000,1,,1,20000,30000,50000
3863,77,2,1,50000,1,,1,15000,20000,50000
3864,77,2,1,,,,,5000,10000,
3865,77,2,2,10000,1,,1,10000,15000,10000
3865,99,4,3,,,,,15000,,
3866,77,2,1,,,,,5000,10000,
3867,77,2,1,300000,1,,1,,,300000
3867,77,2,1,,,,,70000,130000,
3868,77,2,1,,,,,10000,10000,
3869,77,2,1,,,,,5000,15000,
3870,77,2,1,,,,,5000,5000,
3871,77,3,1,,,,,16000,17000,
3872,77,3,1,,,,,17000,15000,
3873,77,3,1,,,,,40000,12000,
3874,77,3,1,,,,,13000,15000,
3875,77,3,1,,,,,5000,7000,
3876,77,3,1,,,,,15000,14000,
3877,77,3,1,,,,,13000,14000,
3878,77,3,1,,,,,23000,30000,
3879,77,3,1,,,,,12000,14000,
3880,77,3,1,,,,,10000,20000,
3881,77,3,1,,,,,10000,25000,
3882,77,3,1,,,,,15000,40000,
3883,77,3,1,,,,,20000,40000,
3884,77,3,1,,,,,5000,15000,
3885,99,4,3,,,,,20000,,
3885,77,3,1,,,,,15000,50000,
3886,77,3,1,,,,,10000,30000,
3886,99,4,3,,,,,5000,10000,
3887,99,4,3,,,,,10000,,
3887,77,3,1,,,,,15000,45000,
3888,77,3,1,,,,,15000,35000,
3888,77,2,2,,,,,10000,20000,
3917,77,1,1,120000,1,,1,,,120000
3918,77,1,3,,,,,30000,30000,
3918,77,3,1,280000,1,3,1,,,280000
3921,77,1,3,,,,,20000,20000,
3922,77,1,3,,,,,10000,10000,
3924,77,1,3,,,,,25000,25000,
3935,5,2,1,,,,,20000,,
3968,77,2,2,120000,1,,1,,,120000
3978,77,1,3,,,,,50000,,
3983,77,1,2,,,,,,50000,
3986,77,2,3,,,,,10000,20000,
4007,77,3,3,500,3,,1,,,236275
4008,77,3,1,,,,,30000,,
4010,77,3,2,,,,,70000,30000,
4011,77,3,1,,,,,55000,,
4014,77,3,3,,,,,70000,,
4023,1,2,3,,,,,50000,,
4048,77,2,3,,,,,40000,,
4059,77,2,3,,,,,60000,,
4124,77,2,3,,,,,60000,,
4128,77,2,2,,,,,60000,,
4133,77,2,3,,,,,20000,,
4134,77,2,3,,,,,16000,,
4135,77,2,3,,,,,12000,,
4137,77,2,3,,,,,15000,,
4141,5,8,1,50000,1,3,1,50000,30000,50000
4141,77,3,2,100000,1,,1,20000,140000,100000
4142,77,3,1,70000,1,,1,40000,60000,70000
4143,77,2,2,,,,,20000,40000,
4143,77,3,1,40000,1,,1,30000,50000,40000
4144,77,3,2,80000,1,,1,20000,60000,80000
4144,77,2,1,,,,,50000,30000,
4145,77,3,2,50000,1,,1,40000,50000,50000
4145,77,2,2,60000,1,,1,30000,20000,60000
4146,77,3,1,10000,2,,1,50000,20000,74900
4147,77,3,2,100000,1,,1,150000,40000,100000
4147,77,2,1,,,,,70000,30000,
4148,77,3,2,70000,1,,1,,20000,70000
4148,77,2,2,20000,1,,1,30000,30000,20000
4151,77,3,3,,,,,60000,,
4152,77,2,3,,,,,8000,,
4156,3,8,1,30000,1,3,1,40000,20000,30000
4158,77,2,3,,,,,25000,,
4237,4,1,2,150000,1,,1,47500,,150000
4267,77,1,2,700000,1,,1,130000,,700000
4273,77,1,1,1200000,1,,1,,,1200000
4276,77,1,1,,,,,100000,,
4277,77,1,3,,,,,200000,,
4278,77,1,3,,,,,40000,,
4279,77,3,3,,,,,20000,,
4280,77,1,3,,,,,50000,,
4281,77,3,3,,,,,40000,,
4282,77,2,3,,,,,30000,,
4283,77,1,3,,,,,80000,,
4285,99,4,3,,,,1,50000,,
4285,77,2,2,,,,1,70000,,
4286,77,2,3,,,,,50000,,
4287,2,1,3,,,,,50000,,
4288,77,2,3,,,,,40000,,
4289,77,1,3,,,,,50000,,
4290,77,2,3,,,,,120000,,
4291,77,2,2,,,,,80000,,
4292,77,2,2,,,,,70000,,
4293,77,2,2,,,,,70000,,
4294,3,2,1,,,,,100000,50000,
4294,77,3,1,40000,1,,1,30000,15000,40000
4295,77,3,1,70000,1,,1,,,70000
4295,77,3,1,,,,,50000,25000,
4296,99,4,1,,,,,100000,50000,
4296,77,3,1,60000,1,,1,25000,10000,60000
4297,77,3,1,50000,1,,1,,,50000
4297,77,3,1,,,,,170000,50000,
4298,77,3,1,500000,1,,1,,,500000
4298,77,3,1,,,,,100000,25000,
4299,77,3,1,30000,1,,1,,,30000
4299,77,3,1,,,,,35000,25000,
4300,99,4,3,,,,,25000,,
4300,77,3,1,,,,,10000,15000,
4301,77,3,1,,,,,40000,20000,
4302,77,3,1,80000,1,,1,20000,40000,80000
4303,77,1,2,,,,,50000,10000,
4303,77,3,1,,,,,5000,10000,
4304,77,3,1,,,,,45000,20000,
4305,77,2,1,,,,,20000,10000,
4305,77,3,1,,,,,10000,15000,
4306,77,3,1,,,,,2000,10000,
4307,77,3,1,,,,,25000,20000,
4308,77,1,2,,,,,20000,10000,
4308,77,3,1,,,,,10000,25000,
4309,77,3,1,,,,,5000,15000,
4310,3,1,1,1000000,1,,1,80000,25000,1000000
4310,77,3,1,,,,,10000,20000,
4311,77,3,1,,,,,30000,20000,
4312,77,2,1,,,,,27000,15000,
4313,77,2,1,,,,,150000,55000,
4314,77,2,1,,,,,27000,26000,
4315,77,2,1,,,,,55000,46000,
4316,77,2,1,,,,,18000,15000,
4317,77,2,1,,,,,28000,15000,
4318,77,2,1,,,,,75000,130000,
4319,77,2,1,,,,,50000,27000,
4320,77,2,1,,,,,30000,19000,
4350,77,1,3,100000,1,,1,30000,80000,100000
4354,77,1,3,,,,,,30000,
4401,77,1,1,500000,1,,1,,,500000
4410,77,1,3,,,,,10000,,
4414,77,1,1,200000,1,,1,,,200000
4418,77,3,3,,,,,,30000,
4438,77,3,1,,,,,60000,,
4441,77,3,3,1500,3,,1,,,720225
4442,77,2,1,,,,,60000,30000,
4445,77,2,2,,,,,65000,,
4446,77,1,1,,,,,80000,,
4450,3,8,2,40000,1,3,1,50000,30000,40000
4468,77,3,3,,,,,20000,,
4481,77,1,3,,,,,50000,,
4486,99,4,2,,,,,40000,,
4493,4,8,2,30000,,,1,50000,50000,
4500,99,7,3,200,3,1,1,,,96030
4547,4,8,2,50000,1,,,40000,30000,50000
4554,7,3,2,40000,1,,1,50000,20000,40000
4557,4,3,1,,,,,10000,14000,
4558,4,3,1,,,,,10000,8000,
4573,77,3,2,25000,1,,1,,10000,25000
4573,77,2,2,,,,,50000,15000,
4574,77,3,2,80000,1,,1,50000,50000,80000
4574,5,8,1,120000,1,3,1,100000,100000,120000
4575,77,3,2,60000,1,,1,10000,10000,60000
4575,77,2,2,60000,1,,1,15000,20000,60000
4576,77,3,2,60000,1,,1,30000,20000,60000
4576,77,2,3,20000,1,,1,,,20000
4577,77,3,1,40000,1,,1,20000,20000,40000
4577,77,2,2,30000,1,,1,20000,10000,30000
4578,77,3,2,50000,1,,1,10000,,50000
4579,77,3,2,30000,1,,1,5000,10000,30000
4580,77,2,2,30000,1,,1,10000,,30000
4580,77,3,2,20000,1,,1,25000,15000,20000
4581,9,8,2,20000,1,3,1,90000,90000,20000
4589,77,2,1,120000,1,,1,25000,,120000
4591,77,2,2,,,,,30000,,
4613,99,8,2,2000,3,1,1,,,960300
4622,3,8,2,60000,1,3,1,,,60000
4658,4,1,1,800000,1,1,1,,,800000
4658,5,1,1,450000,1,1,1,,,450000
4674,3,1,1,300000,1,,1,60000,,300000
4686,77,2,3,200000,1,,1,80000,,200000
4688,77,1,3,250000,1,,1,150000,,250000
4708,77,2,3,,,,,200000,,
4709,77,2,3,,,,,100000,50000,
4710,77,2,3,,,,,100000,,
4711,77,1,3,,,,,50000,,
4713,77,2,,,,,,200000,,
4714,77,2,3,,,,,60000,,
4715,77,1,3,,,,,55000,,
4716,77,2,3,,,,,70000,,
4717,77,2,1,,,,,60000,,
4718,77,2,2,,,,,60000,,
4719,77,2,,,,,,80000,,
4720,77,2,1,,,,,90000,50000,
4720,5,1,1,350000,1,,1,45000,30000,350000
4721,77,2,1,,,,,110000,,
4722,77,2,1,,,,,70000,,
4723,77,2,2,,,,,80000,,
4723,99,4,2,,,,,50000,,
4724,1,2,2,,,,,30000,,
4725,77,2,3,,,,,70000,,
4726,77,3,1,,,,,18000,16000,
4727,77,3,1,,,,,26000,35000,
4728,77,3,1,,,,,16000,17000,
4729,77,3,1,,,,,24000,25000,
4730,77,3,1,,,,,18000,23000,
4731,77,3,1,,,,,19000,23000,
4732,77,3,1,,,,,18000,17000,
4733,77,3,1,,,,,14500,13000,
4734,77,3,1,,,,,43000,25000,
4735,77,3,2,,,,,2000,5000,
4736,77,3,1,,,,,15000,30000,
4737,77,3,1,,,,,15000,30000,
4738,77,3,1,,,,,25000,35000,
4739,77,3,1,,,,,15000,30000,
4740,77,3,1,,,,,10000,35000,
4740,77,2,2,,,,,20000,20000,
4741,77,3,1,,,,,15000,40000,
4742,77,3,1,,,,,15000,40000,
4743,77,3,1,,,,,15000,50000,
4744,77,3,1,,,,,20000,20000,
4745,77,2,1,,,,,20000,40000,
4746,77,3,1,,,,,15000,40000,
4747,77,2,1,120000,1,,1,25000,30000,120000
4748,77,2,1,,,,,15000,20000,
4749,77,3,1,100000,1,,1,25000,30000,100000
4750,77,2,1,,,,,15000,25000,
4751,77,2,1,,,,,10000,30000,
4752,77,3,1,,,,,15000,35000,
4804,99,4,2,,,,,50000,,
4810,77,2,1,500000,1,3,1,,,500000
4811,77,2,1,1000000,1,3,1,,,1000000
4825,77,3,1,360000,1,1,1,,85000,360000
4834,77,1,1,200000,1,3,1,12000,25000,200000
4838,77,1,3,500000,1,3,1,,,500000
4846,77,1,1,,,,,200000,100000,
4851,77,3,2,,,,,,50000,
4856,77,1,3,,,,,,200000,
4873,77,3,3,,,,,55000,,
4874,77,3,3,1000,3,,1,,,482930
4877,77,3,2,,,,,50000,,
4881,3,8,2,60000,1,3,1,80000,50000,60000
4897,77,3,2,,,,,15000,,
4898,77,3,2,,,,,26000,,
4907,77,2,3,,,,,50000,,
4911,77,2,1,,,,,20000,,
4912,77,2,3,,,,,20000,,
4931,3,8,2,50000,1,3,1,50000,60000,50000
4973,3,8,1,100000,1,3,1,30000,40000,100000
5003,5,2,1,60000,1,,1,80000,40000,60000
5005,77,2,2,150000,1,,1,10000,60000,150000
5006,77,2,2,,,,,10000,15000,
5007,77,2,2,,,,,20000,10000,
5008,77,2,1,50000,1,,1,40000,20000,50000
5009,77,2,2,50000,1,,1,30000,10000,50000
5010,77,2,2,,,,,10000,20000,
5011,77,2,2,150000,1,,1,20000,40000,150000
5012,77,2,1,,,,,50000,200000,
5012,77,2,2,100000,1,,1,,,100000
5012,77,3,2,50000,1,,1,50000,20000,50000
5013,77,2,2,,,,,20000,50000,
5033,77,2,1,,,,,80000,,
5091,3,1,1,380000,1,3,1,,,380000
5115,77,1,3,,,,,70000,,
5117,4,1,1,360000,1,,1,70000,,360000
5119,77,2,2,300000,1,,1,60000,40000,300000
5120,77,2,3,,,,,50000,,
5121,77,2,3,,,,,40000,,
5133,6,1,1,,,,,180000,50000,
5140,77,1,3,,,,,120000,,
5141,77,1,3,,,,,80000,,
5141,99,4,3,,,,,30000,,
5142,77,1,3,,,,,100000,,
5143,77,2,3,,,,,20000,,
5143,99,4,3,,,,,40000,,
5145,77,1,3,,,,,80000,,
5146,77,2,3,,,,,100000,60000,
5146,77,1,3,,,,,60000,,
5147,77,2,2,,,,,30000,,
5148,99,8,3,,,,,80000,,
5149,77,2,1,,,,,50000,,
5150,77,2,1,,,,,35000,,
5151,77,2,3,,,,,40000,,
5152,77,2,2,,,,,40000,,
5153,77,2,1,,,,,70000,,
5154,77,2,2,,,,,30000,,
5156,77,2,1,,,,,90000,,
5158,77,3,2,,,,,10000,10000,
5159,77,3,1,,,,,30000,40000,
5160,77,3,1,,,,,10000,15000,
5161,77,3,1,,,,,20000,30000,
5162,77,2,2,,,,,15000,,
5162,77,3,1,,,,,5000,10000,
5163,77,3,1,,,,,20000,30000,
5164,77,3,1,,,,,15000,25000,
5165,77,3,1,,,,,20000,50000,
5166,77,3,1,,,,,3000,5000,
5167,77,2,1,,,,,19000,24000,
5168,77,2,1,,,,,15000,18000,
5168,99,4,2,,,,,30000,27000,
5169,77,3,1,,,,,10000,12000,
5169,77,2,1,,,,,12000,14000,
5170,77,2,1,,,,,20000,13000,
5171,77,2,1,,,,,18000,19000,
5172,77,2,1,,,,,23000,25000,
5173,77,2,1,,,,,15000,17000,
5174,77,2,1,,,,,18000,19000,
5175,77,2,1,,,,,19000,17000,
5176,77,3,1,,,,,20000,50000,
5177,77,3,1,,,,,15000,40000,
5178,77,3,1,,,,,5000,15000,
5179,77,3,1,70000,1,,1,25000,30000,70000
5180,77,3,1,70000,1,,1,10000,20000,70000
5181,77,2,1,70000,1,,1,,,70000
5181,77,3,1,,,,,15000,20000,
5182,99,4,1,,,,,90000,30000,
5182,77,3,1,100000,1,,1,20000,30000,100000
5183,77,3,1,,,,,10000,10000,
5184,77,3,1,100000,1,,1,30000,20000,100000
