"recno","date","day","x5_1","x5_2","x5_3","x5_4"
32,1,18,4632,,4500,1
32,1,18,4161,,800,1
33,1,1,2831,10,10000,5
38,1,30,2831,,2000,1
39,1,18,2790,1,350,1
39,1,18,2786,1,500,1
61,1,17,3503,1,1200,1
66,1,15,4483,,400,5
76,1,25,5011,,2000,2
79,1,8,4622,,1000,1
79,1,31,3341,,3000,1
79,1,31,2687,1,3500,1
79,1,31,2155,1,10000,1
90,1,21,2831,,2800,4
90,1,21,2824,,3200,4
93,1,20,2824,,14000,1
94,1,29,3510,10,1700,3
104,1,17,2831,,7000,1
104,1,17,2824,,8000,1
109,1,30,2831,,3000,4
128,1,1,2195,2,600,1
128,1,1,2195,1,3000,1
128,1,1,2269,1,4500,1
139,1,1,3281,1,2000,1
139,1,1,2187,1,3500,1
139,1,1,2180,1,5000,1
142,1,1,2208,1,1000,1
142,1,1,2203,1,1500,1
142,1,1,2188,1,3600,1
142,1,2,3290,1,2000,1
155,1,20,2133,5,1000,1
155,1,20,2252,1,1800,1
155,1,20,2236,1,2500,1
160,1,25,2133,2,800,1
160,1,25,2128,1,8000,1
179,1,14,2160,1,5500,1
196,1,18,3501,2,500,1
196,1,18,2785,1,1100,1
196,1,19,3512,1,150,1
196,1,21,2789,1,230,1
196,1,21,3512,1,250,1
196,1,21,2810,1,300,1
196,1,25,2790,1,380,1
255,1,1,3510,15,3000,1
255,1,1,2157,2,600,1
255,1,1,2252,1,2000,1
255,1,1,2155,1,4000,1
255,1,22,3510,15,3000,1
258,1,31,2151,1,50000,1
261,1,14,3290,1,1000,1
261,1,14,3290,1,2500,3
379,1,15,2157,2,2000,1
381,1,11,3341,6,5000,1
381,1,21,3553,1,12000,1
397,1,13,2187,1,2500,1
397,1,13,2179,1,4000,1
407,1,23,3521,1,6000,1
415,1,12,4482,2,4000,3
442,2,17,2687,1,500,1
442,2,17,2252,1,1000,1
442,2,24,2790,1,600,1
442,2,24,2785,1,1000,1
443,2,15,2773,4,800,1
443,2,15,3503,1,950,1
447,2,24,4211,,12000,1
447,2,24,4613,,1100,1
449,2,17,3271,1,2500,3
452,2,15,2128,1,6000,1
469,2,15,2180,1,7000,1
488,2,16,3491,4,5000,1
488,2,16,3526,4,8000,1
488,2,16,3506,2,5000,1
488,2,16,2785,1,10000,1
493,2,17,3503,1,1800,1
504,2,11,2831,,156000,1
512,2,13,4641,,15000,1
516,2,13,2831,,6000,4
521,2,21,2233,1,8000,1
525,2,17,4501,,200000,1
529,2,17,3526,4,9500,1
530,2,16,2821,,7000,1
535,2,11,4622,,2000,1
535,2,11,4632,,4500,1
541,2,25,2831,,5000,1
547,2,7,3512,2,200,1
547,2,7,3501,1,200,1
547,2,7,2784,1,500,1
547,2,11,4991,,1000,1
547,2,22,2831,,3000,1
548,2,17,2831,,3000,4
548,2,17,2824,,1000,4
567,2,11,2786,1,650,1
586,2,20,2252,1,2000,1
586,2,20,2214,1,5000,1
587,2,20,2212,1,1500,1
587,2,20,2155,1,3000,1
603,2,3,2826,,11700,5
603,2,3,2826,,15000,5
621,2,24,2831,,4000,5
643,2,19,2831,2,300,2
687,2,13,2831,10,2000,1
689,2,7,2674,6,3500,1
689,2,13,3461,12,600,1
689,2,13,2246,1,12000,1
693,2,10,3290,1,5000,1
693,2,10,2248,1,11000,1
814,2,1,2816,1,500,3
814,2,5,3290,1,2700,1
814,2,12,2684,1,4500,1
816,2,8,2142,1,16000,1
818,2,1,3527,1,350,1
821,2,20,2186,1,8000,1
847,2,12,4622,,2000,1
847,2,22,4622,,2500,1
849,2,18,3521,1,5000,1
850,2,7,4632,,5000,1
850,2,11,2154,1,7000,1
850,2,15,4211,,13000,1
851,2,2,4482,,100,3
851,2,3,4482,,100,3
851,2,4,4482,,100,3
851,2,5,4482,,100,3
851,2,6,4482,,100,3
851,2,9,4482,,100,3
851,2,10,4482,,100,3
851,2,11,4482,,100,3
851,2,12,4482,,100,3
851,2,13,4482,,100,3
851,2,16,4482,,100,3
851,2,17,4482,,100,3
851,2,18,4482,,100,3
851,2,19,4482,,100,3
851,2,20,4482,,100,3
851,2,23,4482,,100,3
851,2,24,4482,,100,3
851,2,25,4482,,100,3
851,2,26,4482,,100,3
851,2,27,4482,,100,3
853,2,2,4482,,100,3
853,2,3,4482,,100,3
853,2,4,4482,,100,3
853,2,5,4482,,100,3
853,2,8,4482,,100,3
853,2,9,4482,,100,3
853,2,10,4482,,100,3
853,2,11,4482,,100,3
853,2,12,4482,,100,3
853,2,13,4482,,100,3
853,2,16,4482,,100,3
853,2,17,4482,,100,3
853,2,18,4482,,100,3
853,2,19,4482,,100,3
853,2,20,4482,,100,3
853,2,23,4482,,100,3
853,2,24,4482,,100,3
853,2,25,4482,,100,3
853,2,26,4482,,100,3
853,2,27,4482,,100,3
865,3,8,3341,1,4000,3
866,3,8,2149,1,6500,1
866,3,8,2151,1,15000,1
867,3,8,2151,1,18000,1
868,3,8,3341,1,3000,3
870,3,8,3522,1,8000,1
872,3,8,3522,2,5000,1
873,3,8,2154,1,5000,1
892,3,9,3341,1,3000,3
892,3,9,3522,1,8000,1
897,3,9,3341,1,2000,3
929,3,8,3341,,2000,2
929,3,8,3553,1,10000,2
930,3,8,3341,,2500,2
930,3,8,3522,1,5700,2
931,3,8,3341,,1000,3
932,3,8,3341,,3000,1
932,3,8,3521,1,4300,2
933,3,8,3341,,5000,1
933,3,8,3524,3,3500,2
934,3,8,3341,,5000,2
934,3,8,3553,1,10000,2
935,3,8,3341,,2000,1
936,3,8,3341,,5000,2
937,3,7,3341,,5000,1
940,3,7,4622,,6000,1
941,3,17,4511,2,124000,1
942,3,19,3573,1,5000,1
942,3,19,3556,1,6000,1
942,3,27,2130,1,5000,1
944,3,5,4363,,80000,1
944,3,5,4491,,3000,1
944,3,6,2831,,25000,1
944,3,20,4221,,27140,1
944,3,20,4211,,7200,1
944,3,20,4614,,4600,1
944,3,20,4151,,680,1
944,3,20,4632,,4500,1
944,3,20,4613,,1100,1
944,3,21,2831,,25000,1
945,3,1,4622,,1000,1
945,3,5,2831,,15000,1
945,3,11,2785,1,1750,1
945,3,20,4613,,1100,1
945,3,20,4211,,4540,1
945,3,20,4221,,7500,1
945,3,20,4151,,4500,1
949,3,19,4632,,6000,1
949,3,19,4622,,5000,1
970,3,17,2831,,40000,1
988,3,20,3501,1,300,1
988,3,20,2533,2,3500,1
993,3,9,3341,,3500,1
994,3,7,2675,6,3500,1
996,3,8,2157,2,1000,1
996,3,8,3514,1,1000,1
996,3,8,2157,1,1250,1
1000,3,8,2523,1,1500,1
1000,3,8,2252,1,2000,1
1001,3,8,3526,1,1000,1
1001,3,8,2252,1,2000,1
1001,3,8,2160,1,6000,1
1002,3,8,2159,1,5000,1
1002,3,8,2154,1,5500,1
1004,3,8,2690,6,2500,1
1004,3,8,2157,1,1300,1
1007,3,8,3526,1,800,1
1007,3,8,2159,1,3000,1
1018,3,8,2157,2,600,1
1018,3,8,2212,1,1200,1
1018,3,8,2252,1,1600,1
1023,3,8,3523,1,1500,1
1023,3,8,3341,1,5000,1
1024,3,30,2196,4,2000,1
1024,3,30,2269,1,3000,1
1024,3,30,2171,1,6000,1
1026,3,1,2252,1,2000,1
1026,3,8,2155,1,3000,1
1027,3,9,2155,1,8500,1
1027,3,9,2246,1,12000,1
1027,3,15,2824,,2750,1
1027,3,15,2824,,3380,1
1027,3,15,2824,,2000,1
1027,3,15,2831,,2520,1
1033,3,19,2180,1,4500,1
1033,3,19,2262,1,7500,1
1036,3,8,2252,1,1500,2
1039,3,8,2212,1,2000,1
1048,3,8,3522,1,3000,1
1048,3,8,2130,1,3500,1
1053,3,21,2831,,5000,5
1056,3,21,3501,1,300,1
1056,3,25,2831,1,8800,1
1058,3,10,2159,1,2500,1
1058,3,12,2152,1,8500,1
1058,3,13,2157,2,600,1
1058,3,19,2831,,10800,1
1058,3,22,2831,,6600,1
1097,3,8,3341,1,4000,3
1102,3,14,2831,1,2000,5
1102,3,14,2831,1,2800,5
1119,3,8,2133,1,400,1
1119,3,17,2157,1,400,1
1119,3,17,2158,1,700,1
1119,3,17,2679,1,1500,1
1168,3,8,3575,2,10000,1
1168,3,8,3341,1,8000,2
1168,3,8,3522,1,15000,2
1203,3,6,3341,,6000,3
1217,3,8,2712,1,5000,1
1217,3,8,3522,1,10000,2
1220,3,8,3522,1,2000,1
1223,3,8,2159,2,6000,1
1223,3,8,2252,1,3000,1
1223,3,8,2187,1,4500,1
1224,3,8,2252,1,3000,1
1224,3,8,3522,1,5000,1
1225,3,8,2252,2,3000,1
1225,3,8,2531,1,8500,1
1226,3,8,3341,5,2500,2
1226,3,8,2533,2,3000,1
1226,3,8,3522,1,5500,2
1227,3,8,3522,1,5000,2
1227,3,8,2154,1,12500,2
1230,3,8,3341,,2500,2
1230,3,8,2675,6,4500,1
1231,3,8,3341,,2500,2
1231,3,8,3522,1,5000,2
1231,3,8,2531,1,7500,1
1249,3,8,3341,7,3500,1
1249,3,8,2154,1,10000,1
1249,3,8,3521,1,15000,1
1255,3,1,2134,1,2000,1
1255,3,1,3521,1,3500,1
1255,3,2,3577,1,2500,1
1255,3,8,3283,1,1000,1
1255,3,8,2688,1,1200,1
1261,3,1,3521,1,7000,1
1261,3,1,2151,2,20000,1
1261,3,2,3341,7,1500,3
1261,3,4,3577,1,3500,1
1261,3,5,2689,1,2500,1
1261,3,8,2688,1,5000,1
1261,3,8,3521,1,15000,3
1261,3,10,2532,1,1500,1
1261,3,12,3506,1,1100,3
1261,3,14,2226,1,3000,1
1261,3,14,2261,1,4500,1
1261,3,15,3290,1,1300,1
1261,3,24,2205,1,1200,5
1261,3,26,2252,2,2000,4
1261,3,30,2676,1,4500,1
1264,3,8,2676,6,1600,1
1264,3,8,3341,1,1000,1
1267,3,23,3577,1,2000,1
1270,3,8,3523,1,700,1
1270,3,8,2192,1,1000,1
1270,3,8,2159,1,1800,1
1270,3,20,4211,,3000,5
1271,3,17,4211,,4620,5
1272,3,3,4211,,5000,5
1273,3,8,2683,1,2000,1
1273,3,20,4211,,5450,5
1274,3,5,4211,80,3360,5
1275,3,5,4211,,1200,5
1275,3,11,4622,,1000,1
1275,3,24,4622,,1000,1
1276,3,13,4211,48,2016,5
1277,3,12,4211,,2300,5
1278,3,8,2676,6,3800,1
1278,3,15,4211,,5000,5
1293,3,8,2252,1,2500,1
1294,3,8,2677,6,3000,1
1294,3,8,2190,1,2500,1
1298,4,1,3522,1,8000,1
1299,4,5,2677,6,3000,1
1299,4,5,2152,1,8500,1
1300,4,1,3522,1,8500,1
1330,4,3,2134,3,4500,1
1330,4,3,2130,2,6000,1
1330,4,3,3522,2,6000,1
1335,4,2,2831,,20000,1
1335,4,2,3341,1,6000,1
1353,4,27,3506,1,1000,1
1353,4,27,3503,1,1200,1
1353,4,27,3506,1,1500,1
1353,4,28,4632,,5000,1
1369,4,22,3341,,10000,5
1370,4,19,3526,1,2600,1
1370,4,22,3514,15,4500,1
1370,4,22,2155,1,7000,1
1371,4,24,4622,,1000,1
1375,4,21,3512,4,1000,3
1375,4,22,3505,2,1100,3
1376,4,5,4622,,2000,1
1386,4,3,4211,,10000,1
1386,4,3,4151,,960,1
1386,4,3,4221,,7600,1
1386,4,3,4613,,1500,1
1386,4,3,4632,,4000,1
1386,4,6,4622,,4000,1
1388,4,25,4622,,500,3
1390,4,24,4211,,10000,1
1390,4,24,4151,,800,1
1390,4,24,4613,,1100,1
1390,4,24,4622,,500,1
1392,4,16,3501,2,500,1
1392,4,16,2790,1,350,1
1392,4,16,2785,1,1500,1
1431,4,9,2252,1,1800,1
1439,4,17,2159,1,2700,1
1441,4,1,4211,,1500,3
1451,4,1,2171,1,2500,1
1451,4,1,2261,1,3000,1
1456,4,1,2195,1,3000,1
1457,4,3,2133,4,1000,1
1457,4,3,2252,1,1800,1
1459,4,1,3527,1,500,1
1459,4,1,3526,1,850,1
1464,4,2,2831,,3500,5
1464,4,2,2831,,2500,5
1483,4,29,2831,,5000,5
1486,4,15,3522,1,7000,1
1552,4,2,2157,3,1200,1
1552,4,2,2155,1,5000,1
1648,4,22,2269,1,4000,3
1648,4,22,2194,2,10000,1
1648,4,22,2521,1,5700,1
1720,4,27,4211,,5000,5
1720,4,27,4221,,5000,5
1721,4,7,4491,,600,3
1721,4,7,2666,1,7500,1
1721,4,11,4491,,600,3
1721,4,13,2190,1,4000,1
1721,4,13,2179,1,6000,1
1721,4,15,3521,1,6500,1
1721,4,15,2128,1,10000,1
1721,4,17,4491,,600,3
1721,4,20,4491,,600,3
1721,4,29,4211,,7000,5
1722,4,2,4211,,5000,5
1722,4,5,4491,,600,3
1722,4,7,3341,,5000,3
1722,4,13,3577,2,800,1
1722,4,13,3503,1,2200,1
1722,4,13,2116,1,4800,1
1722,4,13,2116,1,6600,1
1722,4,18,4491,,300,1
1722,4,25,3526,1,1800,1
1723,4,21,4211,,1000,5
1724,4,22,4211,,3000,5
1725,4,3,4211,,600,5
1726,4,15,3510,20,2800,1
1726,4,15,3503,1,1400,1
1726,4,17,4211,,3600,5
1726,4,17,4221,,4400,5
1727,4,3,4211,,1600,5
1727,4,3,4221,,2000,5
1728,4,29,4211,,2500,5
1728,4,29,4221,,4000,5
1757,5,1,2831,,8000,5
1762,5,1,3505,1,1000,1
1762,5,1,3503,1,2500,1
1762,5,1,2785,1,4000,1
1765,5,20,2831,,30000,1
1766,5,28,3501,2,400,1
1766,5,28,2782,1,200,1
1766,5,28,3512,1,200,1
1766,5,28,2790,1,250,1
1767,5,1,4211,,1600,1
1767,5,1,4151,,200,1
1767,5,1,4221,,1000,1
1767,5,1,4161,,200,1
1767,5,1,4613,,1100,1
1769,5,2,2831,,3000,5
1775,5,20,4632,,4500,1
1779,5,19,2831,,5000,5
1802,5,19,5001,,1000,1
1802,5,19,3398,1,2500,3
1802,5,20,2831,,25000,1
1802,5,20,4211,,13600,1
1802,5,20,4622,,2000,1
1803,5,19,3501,5,500,4
1803,5,19,2790,2,360,4
1803,5,19,2789,1,300,4
1803,5,19,2784,2,1000,4
1803,5,19,3503,2,1200,4
1803,5,20,3505,2,560,4
1804,5,25,2824,,9000,1
1813,5,21,4511,,216000,3
1824,5,26,4622,,1000,1
1829,5,19,4211,,5000,1
1829,5,19,4221,,1600,1
1829,5,19,4613,,1100,1
1829,5,19,4161,,600,1
1829,5,19,4632,,6000,1
1829,5,19,4622,,3000,1
1831,5,18,4221,,2500,1
1831,5,18,4151,,1800,1
1831,5,18,4161,,200,1
1831,5,18,4613,,1100,1
1831,5,19,2824,,17000,1
1831,5,19,2824,,2000,1
1831,5,19,2831,,2000,1
1838,5,1,4211,,6000,1
1838,5,1,4221,,4500,1
1838,5,1,4151,,800,1
1838,5,1,4622,,1000,1
1838,5,1,4041,,80000,1
1859,5,1,2162,1,3000,1
1860,5,1,2172,1,2500,1
1860,5,1,2172,1,3000,1
1860,5,22,3283,1,1500,1
1861,5,2,2160,1,5000,1
1863,5,21,3522,1,5000,1
1865,5,21,2155,1,3500,1
1865,5,21,2132,1,4600,1
1867,5,1,2155,2,8000,1
1877,5,24,2824,,1500,5
1877,5,24,2831,,530,5
1877,5,24,2824,,3100,5
1877,5,24,2831,,2700,5
1877,5,24,2831,,300,5
1891,5,31,2824,,5110,5
1891,5,31,2824,,2930,5
1891,5,31,2824,,1890,5
1891,5,31,2824,,450,5
1898,5,1,2831,,2550,5
1922,5,13,2711,1,6500,1
1990,5,21,3398,1,2000,1
1990,5,21,3522,2,5000,1
1990,5,21,2155,2,13000,3
2015,5,22,2155,5,20000,1
2015,5,25,2173,3,10000,1
2031,5,23,4622,,1000,1
2107,5,1,3341,5,2500,5
2111,5,1,2676,6,4000,1
2115,5,2,3341,15,20000,3
2115,5,2,3290,1,3000,1
2134,5,26,4211,,2500,5
2134,5,26,4221,,2000,5
2135,5,5,4211,,1000,5
2135,5,5,4221,,1600,5
2136,5,8,4211,,4700,5
2136,5,8,4221,,1800,5
2137,5,20,4211,,4000,5
2137,5,20,4221,,3000,5
2138,5,25,4211,,3000,5
2138,5,25,4221,,2000,5
2139,5,20,4221,,1300,5
2139,5,20,4211,,2300,5
2140,5,28,4211,,2000,5
2140,5,28,4221,,1500,5
2141,5,14,3290,1,2500,1
2141,5,15,4211,,4000,5
2141,5,15,4221,,2500,5
2142,5,27,4211,,3500,5
2142,5,27,4221,,2000,5
2143,5,17,4211,,2400,5
2143,5,17,4221,,2340,5
2144,5,23,4211,,2400,5
2144,5,23,4221,,2340,5
2145,5,17,4211,,2400,5
2145,5,17,4221,,2340,5
2147,5,12,4211,,2400,5
2147,5,12,4221,,2340,5
2148,5,13,4211,,2400,5
2148,5,13,4221,,2340,5
2149,5,17,4221,,2340,5
2149,5,17,4211,,2400,5
2150,5,16,4211,,2400,5
2150,5,16,4221,,2340,5
2151,5,17,4211,,2340,5
2151,5,17,4221,,2400,5
2153,5,22,3523,2,3000,3
2153,5,22,2155,2,8000,1
2153,5,22,3341,3,18000,1
2159,5,24,2676,6,7000,1
2159,5,24,3341,1,5000,1
2159,5,24,2190,3,16000,1
2159,5,24,2179,1,9500,1
2192,6,25,2831,3,3000,5
2193,6,2,4623,,6000,3
2193,6,2,2072,60,35000,3
2199,6,1,2831,,3000,1
2199,6,26,3503,1,1000,1
2199,6,30,2790,1,500,5
2206,6,6,2531,1,1000,1
2206,6,7,2533,5,1000,1
2206,6,7,2785,2,2000,1
2206,6,7,2790,1,1000,1
2206,6,7,2714,1,2000,1
2206,6,7,2680,1,3000,1
2211,6,1,2831,,40000,1
2211,6,1,2824,,10000,5
2212,6,12,2831,,3000,5
2212,6,12,2824,,2000,5
2220,6,13,3506,1,1000,1
2220,6,13,3514,1,2000,1
2220,6,13,3514,1,2500,1
2220,6,13,3503,1,3000,1
2236,6,13,4571,,25000,2
2241,6,19,4731,,7000,3
2246,6,11,2831,,2000,2
2253,6,25,4211,,2000,1
2253,6,25,4613,,1100,1
2253,6,25,4161,,1500,1
2253,6,25,4151,,3000,1
2290,6,11,2252,2,4000,1
2314,6,28,2824,,2000,1
2315,6,8,2214,1,1500,1
2315,6,8,2236,1,2500,1
2320,6,3,2133,4,400,1
2320,6,3,3501,1,150,1
2324,6,5,2238,14,5000,1
2324,6,5,2155,3,21000,1
2347,6,29,2831,,4000,5
2349,6,12,2252,1,1500,1
2559,6,5,2153,1,16000,1
2559,6,12,3527,2,1600,3
2559,6,19,3577,1,1500,1
2566,6,19,4211,,2520,5
2567,6,17,4221,,2340,5
2567,6,17,4211,,2520,5
2568,6,17,4211,,2520,5
2568,6,17,4221,,2340,5
2569,6,21,4211,,2520,5
2569,6,21,4221,,2340,5
2570,6,17,4211,,2520,5
2570,6,17,4221,,2340,5
2571,6,17,4211,,2340,5
2572,6,17,4211,,2520,5
2572,6,17,4221,,2340,5
2573,6,7,4211,,2520,5
2573,6,7,4221,,2340,5
2574,6,6,4622,1,1000,1
2574,6,15,4211,,2520,5
2574,6,15,4221,,2340,5
2575,6,25,4211,,2300,5
2575,6,25,4221,,2700,5
2577,6,29,4211,,4500,5
2578,6,29,4211,,2000,5
2578,6,29,4221,,1800,5
2579,6,30,4211,,5000,5
2579,6,30,4221,,2500,5
2580,6,7,4211,,2500,5
2580,6,7,4221,,2700,5
2581,6,11,4211,,500,5
2582,6,17,4211,,2000,5
2582,6,17,4221,,1800,5
2583,6,26,4211,,3900,5
2583,6,26,4221,,2900,5
2588,6,10,4632,,7000,3
2588,6,15,4491,,400,1
2588,6,17,2526,1,2800,1
2588,6,20,4491,,400,1
2588,6,22,4491,,400,1
2588,6,30,4491,,400,1
2626,7,22,4211,,1300,1
2630,7,18,2831,,3000,5
2643,7,16,2826,,1600,1
2657,7,8,3341,2,15000,5
2666,7,4,4622,,2000,1
2666,7,5,2831,,60000,1
2671,7,5,2831,,30000,1
2672,7,10,2785,5,5000,1
2675,7,17,2831,,5600,5
2677,7,20,2831,,4800,5
2678,7,16,2831,,3000,5
2679,7,15,2831,,30000,1
2679,7,17,2151,4,38000,1
2691,7,26,4211,,3000,1
2724,7,12,2138,1,3000,1
2725,7,25,2158,1,3000,1
2743,7,13,2831,,5200,5
2750,7,3,2261,1,3000,1
2750,7,3,2171,1,6000,1
2777,7,26,3282,1,1200,1
2785,7,16,2155,1,6000,1
2787,7,20,2158,1,2500,3
2865,7,1,2157,2,1400,1
2865,7,1,2155,1,4000,1
2916,7,9,2160,1,2500,1
2984,7,29,3521,1,1000,1
2984,7,29,2154,1,4000,1
3001,7,19,2677,6,4000,1
3001,7,19,3544,1,8000,1
3011,7,10,4491,1,1000,3
3011,7,25,4491,1,1000,3
3011,7,25,2236,1,2500,1
3011,7,25,2160,1,4000,1
3017,7,5,4211,,4500,5
3017,7,5,4221,,3500,5
3018,7,23,4211,,2000,5
3019,7,4,4211,,4000,5
3019,7,4,4221,,5000,5
3019,7,18,3527,2,700,1
3019,7,18,3521,1,3500,1
3021,7,6,4211,,300,5
3021,7,6,4221,,500,5
3022,7,4,4211,,2500,5
3022,7,4,4221,,4200,5
3024,7,23,4211,,3000,5
3024,7,23,4221,,1500,5
3061,8,17,4221,,1600,1
3061,8,17,4151,,600,1
3061,8,17,4613,,1100,1
3061,8,17,4211,,2500,1
3068,8,10,2790,2,2000,1
3068,8,10,2786,4,4000,1
3068,8,10,2786,6,7000,1
3068,8,12,2233,2,8000,1
3068,8,12,2180,6,30000,1
3068,8,12,2127,2,20000,1
3068,8,30,2134,8,10000,1
3068,8,30,2127,6,36000,1
3068,8,30,2270,1,6000,1
3070,8,1,2831,,5000,5
3082,8,12,4623,,5000,1
3084,8,17,3514,1,1200,1
3101,8,29,2711,1,14500,1
3104,8,16,4511,,90000,1
3113,8,24,2190,1,4000,1
3113,8,24,2180,1,8000,1
3115,8,13,4211,,8000,1
3115,8,13,4151,,1800,1
3115,8,13,4221,,1700,1
3115,8,13,4613,,1100,1
3115,8,13,4614,,200,1
3116,8,30,2193,2,3000,1
3116,8,30,3555,2,9000,1
3119,8,2,2789,1,1200,1
3119,8,3,3501,1,240,1
3119,8,3,2784,1,540,1
3119,8,3,2787,1,1200,1
3119,8,12,3501,1,250,1
3119,8,12,2784,1,650,1
3122,8,7,4484,,10000,1
3122,8,20,4484,,3000,1
3153,8,20,2160,1,3500,1
3168,8,15,2159,2,5000,1
3170,8,20,4622,,10000,1
3208,8,23,2190,1,4200,1
3208,8,23,2184,1,5000,1
3277,8,23,2674,6,1800,3
3277,8,30,3526,1,800,3
3277,8,30,3522,1,2000,3
3282,8,19,2132,1,12000,1
3288,8,18,2192,2,500,1
3288,8,18,3555,1,3500,1
3288,8,24,2196,1,1200,1
3288,8,24,2190,1,3000,1
3291,8,26,4991,,700,3
3326,8,24,2824,,8000,5
3415,8,14,3290,1,1500,1
3430,8,13,4211,,1350,5
3430,8,13,4221,,1000,5
3431,8,27,4211,,3000,5
3431,8,27,4221,,1500,5
3432,8,30,4211,,1600,5
3432,8,30,4221,,2000,5
3433,8,23,4221,,2000,5
3433,8,24,4211,,1900,5
3433,8,24,4221,,1000,5
3434,8,25,4211,,3500,5
3434,8,25,4221,,3000,5
3435,8,25,4211,,400,5
3435,8,25,4221,,450,5
3437,8,14,4211,,3000,5
3437,8,14,4221,,3500,5
3438,8,15,4211,,3000,5
3438,8,15,4221,,5000,5
3453,8,1,2189,1,10000,3
3489,9,9,5011,,2000,3
3495,9,13,3501,2,400,1
3495,9,13,2790,1,250,1
3495,9,13,2786,1,350,1
3499,9,1,2786,1,300,1
3499,9,3,3501,1,100,1
3499,9,10,2786,1,300,1
3499,9,13,2786,1,300,1
3499,9,16,2782,1,100,1
3505,9,1,2824,,6000,5
3515,9,15,3503,1,2500,1
3519,9,13,3506,1,1200,1
3532,9,1,3455,20,700,1
3532,9,1,3461,4,400,1
3532,9,1,3470,2,200,1
3532,9,1,3476,2,1000,1
3532,9,1,3462,2,1400,1
3532,9,2,3455,6,1500,1
3532,9,2,3455,6,1800,1
3532,9,23,4622,,1000,1
3533,9,6,3505,2,1100,1
3539,9,14,4622,,2000,1
3539,9,19,4622,,2000,1
3542,9,17,2790,1,720,1
3542,9,17,2785,1,900,1
3542,9,17,3503,1,1100,1
3542,9,24,3512,10,800,1
3542,9,24,3501,3,480,1
3542,9,24,2785,1,2100,1
3544,9,16,3501,1,200,1
3544,9,16,2785,1,450,1
3544,9,16,3503,1,600,1
3544,9,20,3512,1,400,1
3544,9,26,4211,,2000,1
3544,9,26,4151,,400,1
3544,9,26,4221,,1000,1
3585,9,10,2159,1,3000,1
3588,9,6,4622,,2000,1
3598,9,4,2159,1,3000,1
3643,9,6,3512,2,200,1
3643,9,6,2790,1,200,1
3643,9,6,2252,1,1000,1
3643,9,11,2824,,6000,1
3643,9,11,2252,1,1000,1
3643,9,11,2160,1,3500,1
3643,9,22,4221,,2000,1
3643,9,22,4211,,2400,1
3643,9,22,4151,,500,1
3643,9,25,3501,1,150,1
3643,9,25,2785,1,450,1
3761,9,22,2831,,5000,5
3808,9,17,2252,1,3500,3
3808,9,17,2674,1,7500,1
3808,9,17,2531,1,8500,3
3808,9,17,2155,1,9000,1
3808,9,17,3522,1,15000,1
3841,9,5,2158,1,1200,3
3841,9,8,2677,6,2400,1
3841,9,12,2634,1,9000,1
3843,9,3,2269,1,2800,1
3843,9,11,2203,1,1200,3
3855,9,12,2931,1,21000,1
3863,9,24,2189,2,6000,1
3863,9,24,2179,1,3000,1
3865,9,6,3571,1,1500,3
3879,9,17,4622,1,1000,1
3916,10,1,4211,,1000,1
3916,10,1,4613,,1100,1
3916,10,1,4151,,300,1
3916,10,2,4221,,1000,1
3916,10,2,4622,,1000,1
3916,10,2,4161,,400,1
3923,10,1,2831,,5000,5
3923,10,1,4211,,2000,1
3931,10,30,2786,2,1000,1
3931,10,30,2790,1,550,1
3948,10,20,3501,2,500,1
3948,10,20,3503,1,1100,1
3951,10,22,3398,2,3000,3
3951,10,22,2773,1,3000,1
3951,10,22,2132,1,7000,1
3966,10,21,3501,5,600,1
3966,10,21,3512,4,600,1
3966,10,21,3512,4,720,1
3966,10,21,2810,2,600,1
3966,10,21,2790,1,690,1
3987,10,26,4211,,6300,1
3987,10,26,4151,,1300,1
3987,10,26,4221,,1500,1
3987,10,26,4613,,1100,1
3987,10,27,4161,,200,1
3987,10,27,4071,,630,1
4016,10,26,2236,1,2000,1
4016,10,26,2159,1,7000,1
4023,10,30,4211,,3800,1
4023,10,30,4221,,3200,1
4023,10,30,4613,,1100,1
4023,10,30,4632,,5000,1
4031,10,3,3522,1,5000,1
4042,10,29,2252,1,2000,1
4046,10,10,2214,1,800,1
4046,10,10,2252,1,1600,1
4053,10,1,3512,2,300,1
4053,10,1,3501,1,250,1
4053,10,1,3506,2,600,1
4053,10,1,2790,1,500,1
4053,10,1,2784,2,1200,1
4053,10,2,2810,2,200,1
4053,10,2,2810,1,200,1
4147,10,1,2672,6,10000,1
4187,10,21,2831,,2000,5
4295,10,7,4482,,200,3
4295,10,14,4482,,400,3
4303,10,1,4211,,4000,5
4305,10,1,4211,,2000,5
4306,10,15,4211,,1600,5
4308,10,1,2831,,15000,1
4308,10,1,4211,,4200,5
4311,10,1,4211,,3360,5
4313,10,18,4211,,1146,5
4314,10,15,4211,,45537,5
4320,10,20,4211,,1043,5
4354,11,2,2991,,5000,3
4377,11,11,2535,2,1100,1
4400,11,18,3526,1,1400,1
4400,11,18,3503,1,1800,1
4409,11,10,2831,,8900,4
4410,11,14,2831,,4800,4
4410,11,19,2831,1,2000,4
4424,11,2,2371,4,80000,1
4443,11,23,2782,2,260,1
4443,11,23,2787,3,750,1
4448,11,8,2831,,3000,1
4451,11,27,2154,1,5500,1
4454,11,9,3281,1,2200,1
4459,11,11,2134,1,3500,1
4459,11,19,2160,1,7000,1
4474,11,19,2831,,15000,5
4477,11,7,2831,,10000,5
4490,11,22,2534,1,5500,1
4490,11,22,2261,1,8000,1
4504,11,16,2157,2,4000,1
4504,11,18,3372,1,150,1
4504,11,18,3455,1,450,1
4504,11,19,4632,,8000,5
4507,11,6,2790,1,280,1
4507,11,15,4221,,3200,1
4507,11,15,4211,,4000,1
4507,11,15,4151,,1000,1
4507,11,20,3512,2,100,1
4512,11,16,4632,1,6000,1
4513,11,21,2134,2,3000,1
4516,11,18,2155,1,8000,1
4516,11,24,2189,1,3500,1
4624,11,17,2831,,6000,4
4731,11,28,4622,1,1000,1
4736,11,9,2154,1,3000,1
4760,12,24,4211,,3500,1
4760,12,24,4151,,400,1
4760,12,24,4221,,8950,1
4760,12,24,4613,,1100,1
4781,12,23,4491,,1500,1
4785,12,2,4161,,200,1
4785,12,2,3512,2,200,1
4785,12,2,2784,1,450,1
4785,12,18,4211,,6000,1
4785,12,18,4151,,400,1
4786,12,5,4291,,3000,3
4786,12,5,3503,1,750,3
4803,12,1,2831,,1000,5
4810,12,24,2252,1,2000,1
4815,12,7,3526,1,1200,1
4827,12,4,4622,,3000,1
4828,12,3,4622,,3000,1
4833,12,16,4221,,8000,1
4833,12,16,4151,,700,1
4833,12,16,4211,,3200,1
4833,12,16,4613,,1160,1
4836,12,17,2831,,20000,1
4836,12,20,4623,,5000,3
4841,12,10,4622,,3000,1
4841,12,10,4622,,5000,5
4842,12,7,3512,2,300,1
4842,12,7,3501,1,200,1
4842,12,7,2785,1,1500,1
4848,12,14,4622,,500,1
4848,12,14,4491,,1500,1
4855,12,24,4211,,30000,5
4864,12,12,2831,,7000,1
4880,12,28,2236,1,2000,1
4880,12,28,2154,1,4000,1
4882,12,7,2160,1,6000,1
4885,12,30,3290,10,1500,1
4885,12,30,3290,3,800,1
4893,12,30,2155,1,5000,1
4896,12,29,2676,6,2200,1
4896,12,29,2155,1,5000,1
4900,12,14,2824,,16000,1
4900,12,18,2130,3,7000,1
4912,12,5,2824,,2800,1
4912,12,5,3512,2,140,1
4912,12,5,3501,2,300,1
4912,12,17,2824,,3000,1
4912,12,17,2214,1,1600,1
4912,12,17,2236,2,4000,1
4949,12,12,2155,1,6000,1
5007,12,31,3283,4,6000,1
5007,12,31,2189,1,4000,1
5007,12,31,2130,1,6000,1
5048,12,14,2831,24,5000,4
5139,12,17,3577,1,200,3
5139,12,17,2535,6,2000,3
5139,12,21,2533,2,300,1
5162,12,5,2193,2,1800,1
5162,12,5,2189,1,2200,1
