Unnamed: 0,Poor population,Extremely poor population,Non-poor population
2008,,,
National average,27.6,1.6,72.4
Yerevan city,20.1,1.1,79.9
Aragatsotn Marz,20.3,0.5,79.7
Ararat Marz,31.3,1.6,68.7
Armavir Marz,24.5,0.7,75.5
Gegharkunik Marz,32.0,0.4,68.0
Lori Marz,34.2,2.8,65.8
Kotayk Marz,39.5,2.1,60.5
Shirak Marz,42.4,4.6,57.6
Syunik Marz,20.3,1.3,79.7
Vayots Dzor Marz,21.1,1.9,78.9
Tavush Marz,23.2,1.7,76.8
2009,,,
National average,34.1,3.6,65.9
Yerevan city,26.7,2.1,73.3
Aragatsotn Marz,25.4,1.6,74.6
Ararat Marz,39.8,3.4,60.2
Armavir Marz,31.3,3.7,68.7
Gegharkunik Marz,40.4,2.2,59.6
Lori Marz,41.7,7.7,58.3
Kotayk Marz,43.0,6.6,57.0
Shirak Marz,47.2,5.5,52.8
Syunik Marz,23.4,2.2,76.6
Vayots Dzor Marz,30.3,1.6,69.7
Tavush Marz,31.3,1.8,68.7
2010,,,
National average,35.8,3.0,64.2
Yerevan city,27.1,2.2,72.9
Aragatsotn Marz,28.9,2.8,71.1
Ararat Marz,42.4,2.9,57.6
Armavir Marz,33.0,1.4,67.0
Gegharkunik Marz,43.6,1.4,56.4
Lori Marz,45.9,5.2,54.1
Kotayk Marz,46.8,5.8,53.2
Shirak Marz,48.3,5.0,51.7
Syunik Marz,26.8,1.7,73.2
Vayots Dzor Marz,37.1,2.2,62.9
Tavush Marz,26.1,1.2,73.9
2011,,,
National average,35.0,3.7,65.0
Yerevan city,27.5,2.7,72.5
Aragatsotn Marz,20.7,1.1,79.3
Ararat Marz,39.3,2.5,60.7
Armavir Marz,37.0,5.6,63.0
Gegharkunik Marz,37.0,1.5,63.0
Lori Marz,45.4,4.7,54.6
Kotayk Marz,45.5,7.1,54.5
Shirak Marz,47.7,7.0,52.3
Syunik Marz,26.8,1.1,73.2
Vayots Dzor Marz,29.9,1.5,70.1
Tavush Marz,26.7,2.0,73.3
2012,,,
National average,32.4,2.8,67.6
Yerevan city,25.6,2.2,74.4
Aragatsotn Marz,21.2,0.9,78.8
Ararat Marz,34.6,2.1,65.4
Armavir Marz,34.3,3.4,65.7
Gegharkunik Marz,35.5,1.4,64.5
Lori Marz,38.7,3.4,61.3
Kotayk Marz,42.5,5.7,57.5
Shirak Marz,46.0,5.5,54.0
Syunik Marz,25.6,0.7,74.4
Vayots Dzor Marz,20.7,0.5,79.3
Tavush Marz,27.5,1.9,72.5
2013,,,
National average,32.0,2.7,68.0
Yerevan city,25.5,2.1,74.5
Aragatsotn Marz,22.7,1.1,77.3
Ararat Marz,32.4,1.7,67.6
Armavir Marz,31.3,3.3,68.7
Gegharkunik Marz,35.8,2.4,64.2
Lori Marz,38.6,2.6,61.4
Kotayk Marz,42.5,5.1,67.5
Shirak Marz,45.9,4.0,54.1
Syunik Marz,25.2,1.8,74.8
Vayots Dzor Marz,21.0,0.7,79.0
Tavush Marz,27.7,2.5,72.3
2014,,,
National average,30.0,2.3,70.0
Yerevan city,25.2,2.0,74.8
Aragatsotn Marz,18.7,0.5,81.3
Ararat Marz,28.5,1.6,71.5
Armavir Marz,29.0,2.9,71.0
Gegharkunik Marz,32.3,2.1,67.7
Lori Marz,36.4,3.0,63.6
Kotayk Marz,37.2,2.9,62.8
Shirak Marz,44.2,3.8,55.8
Syunik Marz,24.2,1.0,75.8
Vayots Dzor Marz,18.2,0.6,81.8
Tavush Marz,30.6,2.7,69.4
2015,,,
National average,29.8,2.0,70.2
Yerevan city,25.0,2.0,75.0
Aragatsotn Marz,16.1,0.4,83.9
Ararat Marz,27.3,1.3,72.7
Armavir Marz,29.6,2.1,70.4
Gegharkunik Marz,32.1,1.3,67.9
Lori Marz,36.2,2.8,63.8
Kotayk Marz,35.9,2.3,64.1
Shirak Marz,45.3,3.9,54.7
Syunik Marz,24.5,0.7,75.5
Vayots Dzor Marz,16.9,1.0,83.1
Tavush Marz,35.3,2.0,64.7
2016,,,
National average,29.4,1.8,70.6
Yerevan city,24.9,1.9,75.1
Aragatsotn Marz,15.7,0.6,84.3
Ararat Marz,26.9,1.0,73.1
Armavir Marz,30.0,1.5,70.0
Gegharkunik Marz,28.8,1.0,70.5
Lori Marz,35.8,2.7,64.0
Kotayk Marz,35.4,1.3,64.6
Shirak Marz,45.5,3.7,54.5
Syunik Marz,24.2,1.1,75.8
Vayots Dzor Marz,18.8,1.2,81.2
Tavush Marz,33.8,1.9,66.2
2017,,,
National average,25.7,1.4,74.3
Yerevan city,22.4,1.0,77.6
Aragatsotn Marz,17.6,0.0,82.4
Ararat Marz,21.7,1.6,78.3
Armavir Marz,26.2,0.8,73.8
Gegharkunik Marz,20.5,1.3,79.5
Lori Marz,29.7,2.1,70.3
Kotayk Marz,31.1,1.5,68.9
Shirak Marz,44.3,4.7,55.7
Syunik Marz,18.5,0.0,81.5
Vayots Dzor Marz,16.9,0.0,83.1
Tavush Marz,27.8,1.1,72.2
2018,,,
National average,23.5,1.0,76.5
Yerevan city,19.9,1.0,80.1
Aragatsotn Marz,16.2,0.0,83.8
Ararat Marz,19.8,0.0,80.2
Armavir Marz,23.5,0.9,76.5
Gegharkunik Marz,22.4,0.0,77.6
Lori Marz,29.4,3.1,70.6
Kotayk Marz,22.7,0.0,77.3
Shirak Marz,42.2,2.6,57.8
Syunik Marz,16.7,0.0,83.3
Vayots Dzor Marz,18.6,1.6,81.4
Tavush Marz,25.6,0.9,74.4
2019,,,
National average,26.4,1.4,73.6
Yerevan city,14.1,1.1,85.9
Aragatsotn Marz,51.4,7.7,48.6
Ararat Marz,29.4,0.5,70.6
Armavir Marz,22.5,1.2,77.5
Gegharkunik Marz,43.5,3.4,56.5
Lori Marz,30.1,1.5,69.9
Kotayk Marz,31.9,0.6,68.1
Shirak Marz,48.4,1.7,51.6
Syunik Marz,12.1,0.0,87.9
Vayots Dzor Marz,19.3,0.0,80.7
Tavush Marz,25.6,0.6,74.4
2020,,,
National average,27.0,0.7,73.0
Yerevan city,19.9,0.2,80.1
Aragatsotn Marz,32.9,1.2,67.1
Ararat Marz,32.8,0.1,67.2
Armavir Marz,32.2,2.3,67.8
Gegharkunik Marz,48.1,1.9,51.9
Lori Marz,19.0,0.2,81.0
Kotayk Marz,17.4,0.0,82.6
Shirak Marz,42.9,2.2,57.1
Syunik Marz,6.1,0.0,93.9
Vayots Dzor Marz,21.9,0.0,78.1
Tavush Marz,37.5,0.7,62.5
2021,,,
National average,26.5,1.5,73.5
Yerevan city,15.9,0.2,84.1
Aragatsotn Marz,13.5,0.0,86.5
Ararat Marz,28.0,1.0,72.0
Armavir Marz,37.9,4.0,62.1
Gegharkunik Marz,49.1,4.7,50.9
Lori Marz,21.8,0.2,78.2
Kotayk Marz,23.6,2.0,76.4
Shirak Marz,46.9,3.1,53.1
Syunik Marz,2.8,0.0,97.2
Vayots Dzor Marz,26.6,0.0,73.4
Tavush Marz,38.2,1.3,61.8
2022,,,
National average,24.8,1.2,75.2
Yerevan city,18.5,0.2,81.5
Aragatsotn Marz,7.9,0.0,92.1
Ararat Marz,23.8,1.0,76.2
Armavir Marz,40.8,4.0,59.2
Gegharkunik Marz,33.9,4.7,66.1
Lori Marz,18.6,0.2,81.4
Kotayk Marz,26.1,2.0,73.9
Shirak Marz,41.6,3.1,58.4
Syunik Marz,5.4,0.0,94.6
Vayots Dzor Marz,15.7,0.0,84.3
Tavush Marz,37.4,1.3,62.6
2023,,,
National average,23.7,1.1,76.3
Yerevan city,17.9,0.2,82.1
Aragatsotn Marz,9.2,0.0,90.8
Ararat Marz,30.3,1.8,69.7
Armavir Marz,25.9,1.6,74.1
Gegharkunik Marz,35.4,3.1,64.6
Lori Marz,14.2,0.3,85.8
Kotayk Marz,23.2,0.0,76.8
Shirak Marz,43.1,4.0,56.9
Syunik Marz,7.0,0.0,93.0
Vayots Dzor Marz,30.9,0.4,69.1
Tavush Marz,37.2,2.6,62.8
2024,,,
National average,21.7,0.6,78.3
Yerevan city,16.9,0.4,83.1
Aragatsotn Marz,7.6,0.0,92.4
Ararat Marz,15.7,0.0,84.3
Armavir Marz,27.0,0.6,73.0
Gegharkunik Marz,27.6,0.4,72.4
Lori Marz,20.4,1.0,79.6
Kotayk Marz,24.8,0.3,75.2
Shirak Marz,43.0,2.4,57.0
Syunik Marz,6.2,0.0,93.8
Vayots Dzor Marz,30.3,0.0,69.7
Tavush Marz,39.9,2.0,60.1
