category,marz,year,value
Number of hospitals,Yerevan,2011,50.0
Number of hospitals,Yerevan,2012,52.0
Number of hospitals,Yerevan,2013,54.0
Number of hospitals,Yerevan,2014,55.0
Number of hospitals,Yerevan,2015,54.0
Number of hospitals,Yerevan,2016,53.0
Number of hospitals,Yerevan,2017,51.0
Number of hospitals,Yerevan,2018,52.0
Number of hospitals,Yerevan,2019,53.0
Number of hospitals,Yerevan,2020,55.0
Number of hospitals,Yerevan,2021,56.0
Number of hospitals,Yerevan,2022,58.0
Number of hospitals,Yerevan,2023,61.0
Number of hospitals,Yerevan,2024,60.0
Number of hospitals,Aragatsotn,2011,6.0
Number of hospitals,Aragatsotn,2012,6.0
Number of hospitals,Aragatsotn,2013,6.0
Number of hospitals,Aragatsotn,2014,6.0
Number of hospitals,Aragatsotn,2015,6.0
Number of hospitals,Aragatsotn,2016,6.0
Number of hospitals,Aragatsotn,2017,6.0
Number of hospitals,Aragatsotn,2018,6.0
Number of hospitals,Aragatsotn,2019,6.0
Number of hospitals,Aragatsotn,2020,5.0
Number of hospitals,Aragatsotn,2021,5.0
Number of hospitals,Aragatsotn,2022,5.0
Number of hospitals,Aragatsotn,2023,5.0
Number of hospitals,Aragatsotn,2024,5.0
Number of hospitals,Ararat,2011,7.0
Number of hospitals,Ararat,2012,7.0
Number of hospitals,Ararat,2013,7.0
Number of hospitals,Ararat,2014,7.0
Number of hospitals,Ararat,2015,7.0
Number of hospitals,Ararat,2016,7.0
Number of hospitals,Ararat,2017,6.0
Number of hospitals,Ararat,2018,6.0
Number of hospitals,Ararat,2019,6.0
Number of hospitals,Ararat,2020,6.0
Number of hospitals,Ararat,2021,5.0
Number of hospitals,Ararat,2022,5.0
Number of hospitals,Ararat,2023,5.0
Number of hospitals,Ararat,2024,5.0
Number of hospitals,Armavir,2011,4.0
Number of hospitals,Armavir,2012,4.0
Number of hospitals,Armavir,2013,4.0
Number of hospitals,Armavir,2014,4.0
Number of hospitals,Armavir,2015,4.0
Number of hospitals,Armavir,2016,4.0
Number of hospitals,Armavir,2017,4.0
Number of hospitals,Armavir,2018,4.0
Number of hospitals,Armavir,2019,4.0
Number of hospitals,Armavir,2020,4.0
Number of hospitals,Armavir,2021,4.0
Number of hospitals,Armavir,2022,3.0
Number of hospitals,Armavir,2023,3.0
Number of hospitals,Armavir,2024,3.0
Number of hospitals,Gegharkunik,2011,8.0
Number of hospitals,Gegharkunik,2012,7.0
Number of hospitals,Gegharkunik,2013,7.0
Number of hospitals,Gegharkunik,2014,7.0
Number of hospitals,Gegharkunik,2015,7.0
Number of hospitals,Gegharkunik,2016,7.0
Number of hospitals,Gegharkunik,2017,7.0
Number of hospitals,Gegharkunik,2018,7.0
Number of hospitals,Gegharkunik,2019,7.0
Number of hospitals,Gegharkunik,2020,7.0
Number of hospitals,Gegharkunik,2021,7.0
Number of hospitals,Gegharkunik,2022,7.0
Number of hospitals,Gegharkunik,2023,7.0
Number of hospitals,Gegharkunik,2024,7.0
Number of hospitals,Lori,2011,11.0
Number of hospitals,Lori,2012,10.0
Number of hospitals,Lori,2013,9.0
Number of hospitals,Lori,2014,8.0
Number of hospitals,Lori,2015,8.0
Number of hospitals,Lori,2016,8.0
Number of hospitals,Lori,2017,7.0
Number of hospitals,Lori,2018,7.0
Number of hospitals,Lori,2019,7.0
Number of hospitals,Lori,2020,7.0
Number of hospitals,Lori,2021,6.0
Number of hospitals,Lori,2022,6.0
Number of hospitals,Lori,2023,6.0
Number of hospitals,Lori,2024,6.0
Number of hospitals,Kotayk,2011,10.0
Number of hospitals,Kotayk,2012,9.0
Number of hospitals,Kotayk,2013,9.0
Number of hospitals,Kotayk,2014,9.0
Number of hospitals,Kotayk,2015,11.0
Number of hospitals,Kotayk,2016,11.0
Number of hospitals,Kotayk,2017,11.0
Number of hospitals,Kotayk,2018,10.0
Number of hospitals,Kotayk,2019,10.0
Number of hospitals,Kotayk,2020,10.0
Number of hospitals,Kotayk,2021,10.0
Number of hospitals,Kotayk,2022,10.0
Number of hospitals,Kotayk,2023,10.0
Number of hospitals,Kotayk,2024,8.0
Number of hospitals,Shirak,2011,18.0
Number of hospitals,Shirak,2012,16.0
Number of hospitals,Shirak,2013,17.0
Number of hospitals,Shirak,2014,17.0
Number of hospitals,Shirak,2015,18.0
Number of hospitals,Shirak,2016,16.0
Number of hospitals,Shirak,2017,16.0
Number of hospitals,Shirak,2018,15.0
Number of hospitals,Shirak,2019,15.0
Number of hospitals,Shirak,2020,15.0
Number of hospitals,Shirak,2021,12.0
Number of hospitals,Shirak,2022,11.0
Number of hospitals,Shirak,2023,11.0
Number of hospitals,Shirak,2024,9.0
Number of hospitals,Syunik,2011,6.0
Number of hospitals,Syunik,2012,6.0
Number of hospitals,Syunik,2013,6.0
Number of hospitals,Syunik,2014,7.0
Number of hospitals,Syunik,2015,7.0
Number of hospitals,Syunik,2016,7.0
Number of hospitals,Syunik,2017,7.0
Number of hospitals,Syunik,2018,7.0
Number of hospitals,Syunik,2019,7.0
Number of hospitals,Syunik,2020,7.0
Number of hospitals,Syunik,2021,7.0
Number of hospitals,Syunik,2022,7.0
Number of hospitals,Syunik,2023,7.0
Number of hospitals,Syunik,2024,7.0
Number of hospitals,Vayots Dzor,2011,3.0
Number of hospitals,Vayots Dzor,2012,3.0
Number of hospitals,Vayots Dzor,2013,3.0
Number of hospitals,Vayots Dzor,2014,3.0
Number of hospitals,Vayots Dzor,2015,3.0
Number of hospitals,Vayots Dzor,2016,3.0
Number of hospitals,Vayots Dzor,2017,3.0
Number of hospitals,Vayots Dzor,2018,3.0
Number of hospitals,Vayots Dzor,2019,3.0
Number of hospitals,Vayots Dzor,2020,3.0
Number of hospitals,Vayots Dzor,2021,3.0
Number of hospitals,Vayots Dzor,2022,3.0
Number of hospitals,Vayots Dzor,2023,3.0
Number of hospitals,Vayots Dzor,2024,2.0
Number of hospitals,Tavush,2011,7.0
Number of hospitals,Tavush,2012,7.0
Number of hospitals,Tavush,2013,7.0
Number of hospitals,Tavush,2014,7.0
Number of hospitals,Tavush,2015,7.0
Number of hospitals,Tavush,2016,7.0
Number of hospitals,Tavush,2017,7.0
Number of hospitals,Tavush,2018,7.0
Number of hospitals,Tavush,2019,7.0
Number of hospitals,Tavush,2020,7.0
Number of hospitals,Tavush,2021,7.0
Number of hospitals,Tavush,2022,7.0
Number of hospitals,Tavush,2023,7.0
Number of hospitals,Tavush,2024,7.0
Number of hospitals,Total Ra,2011,130.0
Number of hospitals,Total Ra,2012,127.0
Number of hospitals,Total Ra,2013,129.0
Number of hospitals,Total Ra,2014,130.0
Number of hospitals,Total Ra,2015,132.0
Number of hospitals,Total Ra,2016,129.0
Number of hospitals,Total Ra,2017,125.0
Number of hospitals,Total Ra,2018,124.0
Number of hospitals,Total Ra,2019,125.0
Number of hospitals,Total Ra,2020,126.0
Number of hospitals,Total Ra,2021,122.0
Number of hospitals,Total Ra,2022,122.0
Number of hospitals,Total Ra,2023,125.0
Number of hospitals,Total Ra,2024,119.0
Number of physicians,Yerevan,2011,9800.0
Number of physicians,Yerevan,2012,9170.0
Number of physicians,Yerevan,2013,8960.0
Number of physicians,Yerevan,2014,9215.0
Number of physicians,Yerevan,2015,9357.0
Number of physicians,Yerevan,2016,9504.0
Number of physicians,Yerevan,2017,9444.0
Number of physicians,Yerevan,2018,9717.0
Number of physicians,Yerevan,2019,10170.0
Number of physicians,Yerevan,2020,10698.0
Number of physicians,Yerevan,2021,10767.0
Number of physicians,Yerevan,2022,11176.0
Number of physicians,Yerevan,2023,10096.0
Number of physicians,Yerevan,2024,8961.0
Number of physicians,Aragatsotn,2011,241.0
Number of physicians,Aragatsotn,2012,250.0
Number of physicians,Aragatsotn,2013,236.0
Number of physicians,Aragatsotn,2014,230.0
Number of physicians,Aragatsotn,2015,240.0
Number of physicians,Aragatsotn,2016,241.0
Number of physicians,Aragatsotn,2017,227.0
Number of physicians,Aragatsotn,2018,228.0
Number of physicians,Aragatsotn,2019,239.0
Number of physicians,Aragatsotn,2020,233.0
Number of physicians,Aragatsotn,2021,252.0
Number of physicians,Aragatsotn,2022,279.0
Number of physicians,Aragatsotn,2023,271.0
Number of physicians,Aragatsotn,2024,268.0
Number of physicians,Ararat,2011,481.0
Number of physicians,Ararat,2012,488.0
Number of physicians,Ararat,2013,477.0
Number of physicians,Ararat,2014,471.0
Number of physicians,Ararat,2015,465.0
Number of physicians,Ararat,2016,460.0
Number of physicians,Ararat,2017,436.0
Number of physicians,Ararat,2018,439.0
Number of physicians,Ararat,2019,457.0
Number of physicians,Ararat,2020,433.0
Number of physicians,Ararat,2021,454.0
Number of physicians,Ararat,2022,454.0
Number of physicians,Ararat,2023,458.0
Number of physicians,Ararat,2024,483.0
Number of physicians,Armavir,2011,406.0
Number of physicians,Armavir,2012,414.0
Number of physicians,Armavir,2013,409.0
Number of physicians,Armavir,2014,403.0
Number of physicians,Armavir,2015,401.0
Number of physicians,Armavir,2016,403.0
Number of physicians,Armavir,2017,392.0
Number of physicians,Armavir,2018,390.0
Number of physicians,Armavir,2019,414.0
Number of physicians,Armavir,2020,394.0
Number of physicians,Armavir,2021,401.0
Number of physicians,Armavir,2022,416.0
Number of physicians,Armavir,2023,410.0
Number of physicians,Armavir,2024,504.0
Number of physicians,Gegharkunik,2011,355.0
Number of physicians,Gegharkunik,2012,338.0
Number of physicians,Gegharkunik,2013,337.0
Number of physicians,Gegharkunik,2014,331.0
Number of physicians,Gegharkunik,2015,328.0
Number of physicians,Gegharkunik,2016,316.0
Number of physicians,Gegharkunik,2017,316.0
Number of physicians,Gegharkunik,2018,339.0
Number of physicians,Gegharkunik,2019,367.0
Number of physicians,Gegharkunik,2020,361.0
Number of physicians,Gegharkunik,2021,358.0
Number of physicians,Gegharkunik,2022,369.0
Number of physicians,Gegharkunik,2023,355.0
Number of physicians,Gegharkunik,2024,324.0
Number of physicians,Lori,2011,520.0
Number of physicians,Lori,2012,527.0
Number of physicians,Lori,2013,525.0
Number of physicians,Lori,2014,527.0
Number of physicians,Lori,2015,530.0
Number of physicians,Lori,2016,514.0
Number of physicians,Lori,2017,508.0
Number of physicians,Lori,2018,520.0
Number of physicians,Lori,2019,532.0
Number of physicians,Lori,2020,535.0
Number of physicians,Lori,2021,529.0
Number of physicians,Lori,2022,541.0
Number of physicians,Lori,2023,541.0
Number of physicians,Lori,2024,522.0
Number of physicians,Kotayk,2011,514.0
Number of physicians,Kotayk,2012,534.0
Number of physicians,Kotayk,2013,525.0
Number of physicians,Kotayk,2014,533.0
Number of physicians,Kotayk,2015,557.0
Number of physicians,Kotayk,2016,550.0
Number of physicians,Kotayk,2017,502.0
Number of physicians,Kotayk,2018,536.0
Number of physicians,Kotayk,2019,594.0
Number of physicians,Kotayk,2020,592.0
Number of physicians,Kotayk,2021,610.0
Number of physicians,Kotayk,2022,614.0
Number of physicians,Kotayk,2023,633.0
Number of physicians,Kotayk,2024,618.0
Number of physicians,Shirak,2011,547.0
Number of physicians,Shirak,2012,584.0
Number of physicians,Shirak,2013,570.0
Number of physicians,Shirak,2014,559.0
Number of physicians,Shirak,2015,579.0
Number of physicians,Shirak,2016,543.0
Number of physicians,Shirak,2017,534.0
Number of physicians,Shirak,2018,584.0
Number of physicians,Shirak,2019,578.0
Number of physicians,Shirak,2020,557.0
Number of physicians,Shirak,2021,565.0
Number of physicians,Shirak,2022,578.0
Number of physicians,Shirak,2023,587.0
Number of physicians,Shirak,2024,589.0
Number of physicians,Syunik,2011,285.0
Number of physicians,Syunik,2012,289.0
Number of physicians,Syunik,2013,283.0
Number of physicians,Syunik,2014,285.0
Number of physicians,Syunik,2015,292.0
Number of physicians,Syunik,2016,285.0
Number of physicians,Syunik,2017,264.0
Number of physicians,Syunik,2018,263.0
Number of physicians,Syunik,2019,244.0
Number of physicians,Syunik,2020,244.0
Number of physicians,Syunik,2021,236.0
Number of physicians,Syunik,2022,247.0
Number of physicians,Syunik,2023,247.0
Number of physicians,Syunik,2024,252.0
Number of physicians,Vayots Dzor,2011,114.0
Number of physicians,Vayots Dzor,2012,115.0
Number of physicians,Vayots Dzor,2013,108.0
Number of physicians,Vayots Dzor,2014,112.0
Number of physicians,Vayots Dzor,2015,117.0
Number of physicians,Vayots Dzor,2016,104.0
Number of physicians,Vayots Dzor,2017,105.0
Number of physicians,Vayots Dzor,2018,105.0
Number of physicians,Vayots Dzor,2019,113.0
Number of physicians,Vayots Dzor,2020,97.0
Number of physicians,Vayots Dzor,2021,115.0
Number of physicians,Vayots Dzor,2022,111.0
Number of physicians,Vayots Dzor,2023,93.0
Number of physicians,Vayots Dzor,2024,165.0
Number of physicians,Tavush,2011,227.0
Number of physicians,Tavush,2012,229.0
Number of physicians,Tavush,2013,234.0
Number of physicians,Tavush,2014,230.0
Number of physicians,Tavush,2015,251.0
Number of physicians,Tavush,2016,228.0
Number of physicians,Tavush,2017,236.0
Number of physicians,Tavush,2018,245.0
Number of physicians,Tavush,2019,250.0
Number of physicians,Tavush,2020,252.0
Number of physicians,Tavush,2021,261.0
Number of physicians,Tavush,2022,276.0
Number of physicians,Tavush,2023,252.0
Number of physicians,Tavush,2024,213.0
Number of physicians,Total Ra,2011,13490.0
Number of physicians,Total Ra,2012,12938.0
Number of physicians,Total Ra,2013,12664.0
Number of physicians,Total Ra,2014,12896.0
Number of physicians,Total Ra,2015,13117.0
Number of physicians,Total Ra,2016,13148.0
Number of physicians,Total Ra,2017,12964.0
Number of physicians,Total Ra,2018,13366.0
Number of physicians,Total Ra,2019,13958.0
Number of physicians,Total Ra,2020,14396.0
Number of physicians,Total Ra,2021,14548.0
Number of physicians,Total Ra,2022,15061.0
Number of physicians,Total Ra,2023,13943.0
Number of physicians,Total Ra,2024,12899.0
Number of avarage medical personnel,Yerevan,2011,9122.0
Number of avarage medical personnel,Yerevan,2012,9152.0
Number of avarage medical personnel,Yerevan,2013,9057.0
Number of avarage medical personnel,Yerevan,2014,8959.0
Number of avarage medical personnel,Yerevan,2015,8722.0
Number of avarage medical personnel,Yerevan,2016,8654.0
Number of avarage medical personnel,Yerevan,2017,8586.0
Number of avarage medical personnel,Yerevan,2018,8490.0
Number of avarage medical personnel,Yerevan,2019,8721.0
Number of avarage medical personnel,Yerevan,2020,8938.0
Number of avarage medical personnel,Yerevan,2021,8963.0
Number of avarage medical personnel,Yerevan,2022,8654.0
Number of avarage medical personnel,Yerevan,2023,8638.0
Number of avarage medical personnel,Yerevan,2024,8931.0
Number of avarage medical personnel,Aragatsotn,2011,676.0
Number of avarage medical personnel,Aragatsotn,2012,708.0
Number of avarage medical personnel,Aragatsotn,2013,689.0
Number of avarage medical personnel,Aragatsotn,2014,660.0
Number of avarage medical personnel,Aragatsotn,2015,627.0
Number of avarage medical personnel,Aragatsotn,2016,633.0
Number of avarage medical personnel,Aragatsotn,2017,572.0
Number of avarage medical personnel,Aragatsotn,2018,544.0
Number of avarage medical personnel,Aragatsotn,2019,542.0
Number of avarage medical personnel,Aragatsotn,2020,524.0
Number of avarage medical personnel,Aragatsotn,2021,526.0
Number of avarage medical personnel,Aragatsotn,2022,519.0
Number of avarage medical personnel,Aragatsotn,2023,508.0
Number of avarage medical personnel,Aragatsotn,2024,480.0
Number of avarage medical personnel,Ararat,2011,1133.0
Number of avarage medical personnel,Ararat,2012,1133.0
Number of avarage medical personnel,Ararat,2013,1094.0
Number of avarage medical personnel,Ararat,2014,1035.0
Number of avarage medical personnel,Ararat,2015,1023.0
Number of avarage medical personnel,Ararat,2016,1005.0
Number of avarage medical personnel,Ararat,2017,941.0
Number of avarage medical personnel,Ararat,2018,988.0
Number of avarage medical personnel,Ararat,2019,986.0
Number of avarage medical personnel,Ararat,2020,923.0
Number of avarage medical personnel,Ararat,2021,892.0
Number of avarage medical personnel,Ararat,2022,853.0
Number of avarage medical personnel,Ararat,2023,844.0
Number of avarage medical personnel,Ararat,2024,875.0
Number of avarage medical personnel,Armavir,2011,1142.0
Number of avarage medical personnel,Armavir,2012,1113.0
Number of avarage medical personnel,Armavir,2013,1097.0
Number of avarage medical personnel,Armavir,2014,1057.0
Number of avarage medical personnel,Armavir,2015,1041.0
Number of avarage medical personnel,Armavir,2016,975.0
Number of avarage medical personnel,Armavir,2017,910.0
Number of avarage medical personnel,Armavir,2018,894.0
Number of avarage medical personnel,Armavir,2019,890.0
Number of avarage medical personnel,Armavir,2020,838.0
Number of avarage medical personnel,Armavir,2021,819.0
Number of avarage medical personnel,Armavir,2022,830.0
Number of avarage medical personnel,Armavir,2023,800.0
Number of avarage medical personnel,Armavir,2024,842.0
Number of avarage medical personnel,Gegharkunik,2011,1062.0
Number of avarage medical personnel,Gegharkunik,2012,1009.0
Number of avarage medical personnel,Gegharkunik,2013,984.0
Number of avarage medical personnel,Gegharkunik,2014,962.0
Number of avarage medical personnel,Gegharkunik,2015,957.0
Number of avarage medical personnel,Gegharkunik,2016,941.0
Number of avarage medical personnel,Gegharkunik,2017,885.0
Number of avarage medical personnel,Gegharkunik,2018,826.0
Number of avarage medical personnel,Gegharkunik,2019,814.0
Number of avarage medical personnel,Gegharkunik,2020,823.0
Number of avarage medical personnel,Gegharkunik,2021,827.0
Number of avarage medical personnel,Gegharkunik,2022,799.0
Number of avarage medical personnel,Gegharkunik,2023,810.0
Number of avarage medical personnel,Gegharkunik,2024,825.0
Number of avarage medical personnel,Lori,2011,1219.0
Number of avarage medical personnel,Lori,2012,1261.0
Number of avarage medical personnel,Lori,2013,1238.0
Number of avarage medical personnel,Lori,2014,1205.0
Number of avarage medical personnel,Lori,2015,1175.0
Number of avarage medical personnel,Lori,2016,1167.0
Number of avarage medical personnel,Lori,2017,1093.0
Number of avarage medical personnel,Lori,2018,1083.0
Number of avarage medical personnel,Lori,2019,1048.0
Number of avarage medical personnel,Lori,2020,1038.0
Number of avarage medical personnel,Lori,2021,1034.0
Number of avarage medical personnel,Lori,2022,1019.0
Number of avarage medical personnel,Lori,2023,994.0
Number of avarage medical personnel,Lori,2024,981.0
Number of avarage medical personnel,Kotayk,2011,1174.0
Number of avarage medical personnel,Kotayk,2012,1171.0
Number of avarage medical personnel,Kotayk,2013,1155.0
Number of avarage medical personnel,Kotayk,2014,1110.0
Number of avarage medical personnel,Kotayk,2015,1113.0
Number of avarage medical personnel,Kotayk,2016,1104.0
Number of avarage medical personnel,Kotayk,2017,986.0
Number of avarage medical personnel,Kotayk,2018,1005.0
Number of avarage medical personnel,Kotayk,2019,1061.0
Number of avarage medical personnel,Kotayk,2020,1030.0
Number of avarage medical personnel,Kotayk,2021,996.0
Number of avarage medical personnel,Kotayk,2022,1002.0
Number of avarage medical personnel,Kotayk,2023,985.0
Number of avarage medical personnel,Kotayk,2024,988.0
Number of avarage medical personnel,Shirak,2011,1515.0
Number of avarage medical personnel,Shirak,2012,1527.0
Number of avarage medical personnel,Shirak,2013,1462.0
Number of avarage medical personnel,Shirak,2014,1437.0
Number of avarage medical personnel,Shirak,2015,1403.0
Number of avarage medical personnel,Shirak,2016,1401.0
Number of avarage medical personnel,Shirak,2017,1316.0
Number of avarage medical personnel,Shirak,2018,1304.0
Number of avarage medical personnel,Shirak,2019,1274.0
Number of avarage medical personnel,Shirak,2020,1259.0
Number of avarage medical personnel,Shirak,2021,1209.0
Number of avarage medical personnel,Shirak,2022,1249.0
Number of avarage medical personnel,Shirak,2023,1187.0
Number of avarage medical personnel,Shirak,2024,1226.0
Number of avarage medical personnel,Syunik,2011,815.0
Number of avarage medical personnel,Syunik,2012,806.0
Number of avarage medical personnel,Syunik,2013,795.0
Number of avarage medical personnel,Syunik,2014,791.0
Number of avarage medical personnel,Syunik,2015,784.0
Number of avarage medical personnel,Syunik,2016,796.0
Number of avarage medical personnel,Syunik,2017,743.0
Number of avarage medical personnel,Syunik,2018,723.0
Number of avarage medical personnel,Syunik,2019,690.0
Number of avarage medical personnel,Syunik,2020,672.0
Number of avarage medical personnel,Syunik,2021,648.0
Number of avarage medical personnel,Syunik,2022,682.0
Number of avarage medical personnel,Syunik,2023,659.0
Number of avarage medical personnel,Syunik,2024,647.0
Number of avarage medical personnel,Vayots Dzor,2011,307.0
Number of avarage medical personnel,Vayots Dzor,2012,287.0
Number of avarage medical personnel,Vayots Dzor,2013,266.0
Number of avarage medical personnel,Vayots Dzor,2014,260.0
Number of avarage medical personnel,Vayots Dzor,2015,240.0
Number of avarage medical personnel,Vayots Dzor,2016,228.0
Number of avarage medical personnel,Vayots Dzor,2017,231.0
Number of avarage medical personnel,Vayots Dzor,2018,214.0
Number of avarage medical personnel,Vayots Dzor,2019,214.0
Number of avarage medical personnel,Vayots Dzor,2020,205.0
Number of avarage medical personnel,Vayots Dzor,2021,186.0
Number of avarage medical personnel,Vayots Dzor,2022,198.0
Number of avarage medical personnel,Vayots Dzor,2023,188.0
Number of avarage medical personnel,Vayots Dzor,2024,201.0
Number of avarage medical personnel,Tavush,2011,655.0
Number of avarage medical personnel,Tavush,2012,617.0
Number of avarage medical personnel,Tavush,2013,589.0
Number of avarage medical personnel,Tavush,2014,577.0
Number of avarage medical personnel,Tavush,2015,547.0
Number of avarage medical personnel,Tavush,2016,560.0
Number of avarage medical personnel,Tavush,2017,533.0
Number of avarage medical personnel,Tavush,2018,524.0
Number of avarage medical personnel,Tavush,2019,532.0
Number of avarage medical personnel,Tavush,2020,494.0
Number of avarage medical personnel,Tavush,2021,512.0
Number of avarage medical personnel,Tavush,2022,518.0
Number of avarage medical personnel,Tavush,2023,517.0
Number of avarage medical personnel,Tavush,2024,488.0
Number of avarage medical personnel,Total Ra,2011,18820.0
Number of avarage medical personnel,Total Ra,2012,18784.0
Number of avarage medical personnel,Total Ra,2013,18426.0
Number of avarage medical personnel,Total Ra,2014,18053.0
Number of avarage medical personnel,Total Ra,2015,17632.0
Number of avarage medical personnel,Total Ra,2016,17464.0
Number of avarage medical personnel,Total Ra,2017,16796.0
Number of avarage medical personnel,Total Ra,2018,16595.0
Number of avarage medical personnel,Total Ra,2019,16772.0
Number of avarage medical personnel,Total Ra,2020,16744.0
Number of avarage medical personnel,Total Ra,2021,16612.0
Number of avarage medical personnel,Total Ra,2022,16323.0
Number of avarage medical personnel,Total Ra,2023,16130.0
Number of avarage medical personnel,Total Ra,2024,16484.0
Number of hospital beds,Yerevan,2011,7486.0
Number of hospital beds,Yerevan,2012,7569.0
Number of hospital beds,Yerevan,2013,7592.0
Number of hospital beds,Yerevan,2014,7835.0
Number of hospital beds,Yerevan,2015,7880.0
Number of hospital beds,Yerevan,2016,7924.0
Number of hospital beds,Yerevan,2017,8005.0
Number of hospital beds,Yerevan,2018,7884.0
Number of hospital beds,Yerevan,2019,7563.0
Number of hospital beds,Yerevan,2020,8375.0
Number of hospital beds,Yerevan,2021,8394.0
Number of hospital beds,Yerevan,2022,7898.0
Number of hospital beds,Yerevan,2023,8295.0
Number of hospital beds,Yerevan,2024,5615.0
Number of hospital beds,Aragatsotn,2011,208.0
Number of hospital beds,Aragatsotn,2012,208.0
Number of hospital beds,Aragatsotn,2013,210.0
Number of hospital beds,Aragatsotn,2014,210.0
Number of hospital beds,Aragatsotn,2015,210.0
Number of hospital beds,Aragatsotn,2016,200.0
Number of hospital beds,Aragatsotn,2017,160.0
Number of hospital beds,Aragatsotn,2018,152.0
Number of hospital beds,Aragatsotn,2019,167.0
Number of hospital beds,Aragatsotn,2020,196.0
Number of hospital beds,Aragatsotn,2021,172.0
Number of hospital beds,Aragatsotn,2022,180.0
Number of hospital beds,Aragatsotn,2023,180.0
Number of hospital beds,Aragatsotn,2024,308.0
Number of hospital beds,Ararat,2011,563.0
Number of hospital beds,Ararat,2012,563.0
Number of hospital beds,Ararat,2013,563.0
Number of hospital beds,Ararat,2014,538.0
Number of hospital beds,Ararat,2015,538.0
Number of hospital beds,Ararat,2016,473.0
Number of hospital beds,Ararat,2017,423.0
Number of hospital beds,Ararat,2018,488.0
Number of hospital beds,Ararat,2019,488.0
Number of hospital beds,Ararat,2020,488.0
Number of hospital beds,Ararat,2021,480.0
Number of hospital beds,Ararat,2022,480.0
Number of hospital beds,Ararat,2023,480.0
Number of hospital beds,Ararat,2024,810.0
Number of hospital beds,Armavir,2011,335.0
Number of hospital beds,Armavir,2012,335.0
Number of hospital beds,Armavir,2013,335.0
Number of hospital beds,Armavir,2014,377.0
Number of hospital beds,Armavir,2015,355.0
Number of hospital beds,Armavir,2016,355.0
Number of hospital beds,Armavir,2017,355.0
Number of hospital beds,Armavir,2018,355.0
Number of hospital beds,Armavir,2019,355.0
Number of hospital beds,Armavir,2020,365.0
Number of hospital beds,Armavir,2021,365.0
Number of hospital beds,Armavir,2022,371.0
Number of hospital beds,Armavir,2023,377.0
Number of hospital beds,Armavir,2024,954.0
Number of hospital beds,Gegharkunik,2011,795.0
Number of hospital beds,Gegharkunik,2012,755.0
Number of hospital beds,Gegharkunik,2013,750.0
Number of hospital beds,Gegharkunik,2014,750.0
Number of hospital beds,Gegharkunik,2015,750.0
Number of hospital beds,Gegharkunik,2016,750.0
Number of hospital beds,Gegharkunik,2017,750.0
Number of hospital beds,Gegharkunik,2018,730.0
Number of hospital beds,Gegharkunik,2019,730.0
Number of hospital beds,Gegharkunik,2020,800.0
Number of hospital beds,Gegharkunik,2021,730.0
Number of hospital beds,Gegharkunik,2022,730.0
Number of hospital beds,Gegharkunik,2023,730.0
Number of hospital beds,Gegharkunik,2024,691.0
Number of hospital beds,Lori,2011,545.0
Number of hospital beds,Lori,2012,501.0
Number of hospital beds,Lori,2013,491.0
Number of hospital beds,Lori,2014,486.0
Number of hospital beds,Lori,2015,486.0
Number of hospital beds,Lori,2016,486.0
Number of hospital beds,Lori,2017,480.0
Number of hospital beds,Lori,2018,481.0
Number of hospital beds,Lori,2019,481.0
Number of hospital beds,Lori,2020,515.0
Number of hospital beds,Lori,2021,589.0
Number of hospital beds,Lori,2022,466.0
Number of hospital beds,Lori,2023,466.0
Number of hospital beds,Lori,2024,866.0
Number of hospital beds,Kotayk,2011,673.0
Number of hospital beds,Kotayk,2012,658.0
Number of hospital beds,Kotayk,2013,658.0
Number of hospital beds,Kotayk,2014,658.0
Number of hospital beds,Kotayk,2015,688.0
Number of hospital beds,Kotayk,2016,668.0
Number of hospital beds,Kotayk,2017,668.0
Number of hospital beds,Kotayk,2018,488.0
Number of hospital beds,Kotayk,2019,478.0
Number of hospital beds,Kotayk,2020,478.0
Number of hospital beds,Kotayk,2021,495.0
Number of hospital beds,Kotayk,2022,498.0
Number of hospital beds,Kotayk,2023,498.0
Number of hospital beds,Kotayk,2024,979.0
Number of hospital beds,Shirak,2011,843.0
Number of hospital beds,Shirak,2012,843.0
Number of hospital beds,Shirak,2013,881.0
Number of hospital beds,Shirak,2014,878.0
Number of hospital beds,Shirak,2015,878.0
Number of hospital beds,Shirak,2016,865.0
Number of hospital beds,Shirak,2017,845.0
Number of hospital beds,Shirak,2018,830.0
Number of hospital beds,Shirak,2019,821.0
Number of hospital beds,Shirak,2020,841.0
Number of hospital beds,Shirak,2021,757.0
Number of hospital beds,Shirak,2022,753.0
Number of hospital beds,Shirak,2023,751.0
Number of hospital beds,Shirak,2024,828.0
Number of hospital beds,Syunik,2011,420.0
Number of hospital beds,Syunik,2012,420.0
Number of hospital beds,Syunik,2013,420.0
Number of hospital beds,Syunik,2014,429.0
Number of hospital beds,Syunik,2015,409.0
Number of hospital beds,Syunik,2016,429.0
Number of hospital beds,Syunik,2017,429.0
Number of hospital beds,Syunik,2018,428.0
Number of hospital beds,Syunik,2019,378.0
Number of hospital beds,Syunik,2020,461.0
Number of hospital beds,Syunik,2021,422.0
Number of hospital beds,Syunik,2022,432.0
Number of hospital beds,Syunik,2023,402.0
Number of hospital beds,Syunik,2024,492.0
Number of hospital beds,Vayots Dzor,2011,95.0
Number of hospital beds,Vayots Dzor,2012,95.0
Number of hospital beds,Vayots Dzor,2013,95.0
Number of hospital beds,Vayots Dzor,2014,80.0
Number of hospital beds,Vayots Dzor,2015,80.0
Number of hospital beds,Vayots Dzor,2016,85.0
Number of hospital beds,Vayots Dzor,2017,85.0
Number of hospital beds,Vayots Dzor,2018,85.0
Number of hospital beds,Vayots Dzor,2019,85.0
Number of hospital beds,Vayots Dzor,2020,85.0
Number of hospital beds,Vayots Dzor,2021,85.0
Number of hospital beds,Vayots Dzor,2022,85.0
Number of hospital beds,Vayots Dzor,2023,85.0
Number of hospital beds,Vayots Dzor,2024,193.0
Number of hospital beds,Tavush,2011,273.0
Number of hospital beds,Tavush,2012,294.0
Number of hospital beds,Tavush,2013,273.0
Number of hospital beds,Tavush,2014,273.0
Number of hospital beds,Tavush,2015,258.0
Number of hospital beds,Tavush,2016,258.0
Number of hospital beds,Tavush,2017,257.0
Number of hospital beds,Tavush,2018,232.0
Number of hospital beds,Tavush,2019,232.0
Number of hospital beds,Tavush,2020,267.0
Number of hospital beds,Tavush,2021,219.0
Number of hospital beds,Tavush,2022,216.0
Number of hospital beds,Tavush,2023,216.0
Number of hospital beds,Tavush,2024,377.0
Number of hospital beds,Total Ra,2011,12236.0
Number of hospital beds,Total Ra,2012,12241.0
Number of hospital beds,Total Ra,2013,12268.0
Number of hospital beds,Total Ra,2014,12514.0
Number of hospital beds,Total Ra,2015,12532.0
Number of hospital beds,Total Ra,2016,12493.0
Number of hospital beds,Total Ra,2017,12457.0
Number of hospital beds,Total Ra,2018,12153.0
Number of hospital beds,Total Ra,2019,11778.0
Number of hospital beds,Total Ra,2020,12871.0
Number of hospital beds,Total Ra,2021,12708.0
Number of hospital beds,Total Ra,2022,12109.0
Number of hospital beds,Total Ra,2023,12480.0
Number of hospital beds,Total Ra,2024,12113.0
Number of hospitalized patients,Yerevan,2011,236816.0
Number of hospitalized patients,Yerevan,2012,261737.0
Number of hospitalized patients,Yerevan,2013,255576.0
Number of hospitalized patients,Yerevan,2014,279491.0
Number of hospitalized patients,Yerevan,2015,273023.0
Number of hospitalized patients,Yerevan,2016,279477.0
Number of hospitalized patients,Yerevan,2017,283386.0
Number of hospitalized patients,Yerevan,2018,291402.0
Number of hospitalized patients,Yerevan,2019,306581.0
Number of hospitalized patients,Yerevan,2020,277101.0
Number of hospitalized patients,Yerevan,2021,339097.0
Number of hospitalized patients,Yerevan,2022,341075.0
Number of hospitalized patients,Yerevan,2023,352906.0
Number of hospitalized patients,Yerevan,2024,389676.0
Number of hospitalized patients,Aragatsotn,2011,5622.0
Number of hospitalized patients,Aragatsotn,2012,5773.0
Number of hospitalized patients,Aragatsotn,2013,5801.0
Number of hospitalized patients,Aragatsotn,2014,6049.0
Number of hospitalized patients,Aragatsotn,2015,5456.0
Number of hospitalized patients,Aragatsotn,2016,5376.0
Number of hospitalized patients,Aragatsotn,2017,5067.0
Number of hospitalized patients,Aragatsotn,2018,5231.0
Number of hospitalized patients,Aragatsotn,2019,6642.0
Number of hospitalized patients,Aragatsotn,2020,5638.0
Number of hospitalized patients,Aragatsotn,2021,6509.0
Number of hospitalized patients,Aragatsotn,2022,6096.0
Number of hospitalized patients,Aragatsotn,2023,5925.0
Number of hospitalized patients,Aragatsotn,2024,7105.0
Number of hospitalized patients,Ararat,2011,12986.0
Number of hospitalized patients,Ararat,2012,13623.0
Number of hospitalized patients,Ararat,2013,13653.0
Number of hospitalized patients,Ararat,2014,15188.0
Number of hospitalized patients,Ararat,2015,14613.0
Number of hospitalized patients,Ararat,2016,13693.0
Number of hospitalized patients,Ararat,2017,13003.0
Number of hospitalized patients,Ararat,2018,13396.0
Number of hospitalized patients,Ararat,2019,16802.0
Number of hospitalized patients,Ararat,2020,14517.0
Number of hospitalized patients,Ararat,2021,15915.0
Number of hospitalized patients,Ararat,2022,16711.0
Number of hospitalized patients,Ararat,2023,16207.0
Number of hospitalized patients,Ararat,2024,16383.0
Number of hospitalized patients,Armavir,2011,10733.0
Number of hospitalized patients,Armavir,2012,12063.0
Number of hospitalized patients,Armavir,2013,12536.0
Number of hospitalized patients,Armavir,2014,13808.0
Number of hospitalized patients,Armavir,2015,12877.0
Number of hospitalized patients,Armavir,2016,13364.0
Number of hospitalized patients,Armavir,2017,12734.0
Number of hospitalized patients,Armavir,2018,12851.0
Number of hospitalized patients,Armavir,2019,14931.0
Number of hospitalized patients,Armavir,2020,12685.0
Number of hospitalized patients,Armavir,2021,15242.0
Number of hospitalized patients,Armavir,2022,15438.0
Number of hospitalized patients,Armavir,2023,14758.0
Number of hospitalized patients,Armavir,2024,17982.0
Number of hospitalized patients,Gegharkunik,2011,11535.0
Number of hospitalized patients,Gegharkunik,2012,11514.0
Number of hospitalized patients,Gegharkunik,2013,11821.0
Number of hospitalized patients,Gegharkunik,2014,12541.0
Number of hospitalized patients,Gegharkunik,2015,12461.0
Number of hospitalized patients,Gegharkunik,2016,12240.0
Number of hospitalized patients,Gegharkunik,2017,11572.0
Number of hospitalized patients,Gegharkunik,2018,11091.0
Number of hospitalized patients,Gegharkunik,2019,11844.0
Number of hospitalized patients,Gegharkunik,2020,12158.0
Number of hospitalized patients,Gegharkunik,2021,15359.0
Number of hospitalized patients,Gegharkunik,2022,14746.0
Number of hospitalized patients,Gegharkunik,2023,13727.0
Number of hospitalized patients,Gegharkunik,2024,14216.0
Number of hospitalized patients,Lori,2011,17073.0
Number of hospitalized patients,Lori,2012,17319.0
Number of hospitalized patients,Lori,2013,17366.0
Number of hospitalized patients,Lori,2014,19024.0
Number of hospitalized patients,Lori,2015,18477.0
Number of hospitalized patients,Lori,2016,18593.0
Number of hospitalized patients,Lori,2017,17842.0
Number of hospitalized patients,Lori,2018,17862.0
Number of hospitalized patients,Lori,2019,20404.0
Number of hospitalized patients,Lori,2020,19329.0
Number of hospitalized patients,Lori,2021,22835.0
Number of hospitalized patients,Lori,2022,20978.0
Number of hospitalized patients,Lori,2023,21009.0
Number of hospitalized patients,Lori,2024,22687.0
Number of hospitalized patients,Kotayk,2011,15221.0
Number of hospitalized patients,Kotayk,2012,14843.0
Number of hospitalized patients,Kotayk,2013,15643.0
Number of hospitalized patients,Kotayk,2014,16512.0
Number of hospitalized patients,Kotayk,2015,15451.0
Number of hospitalized patients,Kotayk,2016,15253.0
Number of hospitalized patients,Kotayk,2017,14075.0
Number of hospitalized patients,Kotayk,2018,14435.0
Number of hospitalized patients,Kotayk,2019,15131.0
Number of hospitalized patients,Kotayk,2020,13589.0
Number of hospitalized patients,Kotayk,2021,15023.0
Number of hospitalized patients,Kotayk,2022,15001.0
Number of hospitalized patients,Kotayk,2023,15140.0
Number of hospitalized patients,Kotayk,2024,15526.0
Number of hospitalized patients,Shirak,2011,20043.0
Number of hospitalized patients,Shirak,2012,20535.0
Number of hospitalized patients,Shirak,2013,21764.0
Number of hospitalized patients,Shirak,2014,23022.0
Number of hospitalized patients,Shirak,2015,21180.0
Number of hospitalized patients,Shirak,2016,20917.0
Number of hospitalized patients,Shirak,2017,19825.0
Number of hospitalized patients,Shirak,2018,20347.0
Number of hospitalized patients,Shirak,2019,21522.0
Number of hospitalized patients,Shirak,2020,19328.0
Number of hospitalized patients,Shirak,2021,20958.0
Number of hospitalized patients,Shirak,2022,20774.0
Number of hospitalized patients,Shirak,2023,20412.0
Number of hospitalized patients,Shirak,2024,21969.0
Number of hospitalized patients,Syunik,2011,9162.0
Number of hospitalized patients,Syunik,2012,9907.0
Number of hospitalized patients,Syunik,2013,10443.0
Number of hospitalized patients,Syunik,2014,11379.0
Number of hospitalized patients,Syunik,2015,10496.0
Number of hospitalized patients,Syunik,2016,10764.0
Number of hospitalized patients,Syunik,2017,10665.0
Number of hospitalized patients,Syunik,2018,9987.0
Number of hospitalized patients,Syunik,2019,10536.0
Number of hospitalized patients,Syunik,2020,9914.0
Number of hospitalized patients,Syunik,2021,12069.0
Number of hospitalized patients,Syunik,2022,10340.0
Number of hospitalized patients,Syunik,2023,10260.0
Number of hospitalized patients,Syunik,2024,12336.0
Number of hospitalized patients,Vayots Dzor,2011,1914.0
Number of hospitalized patients,Vayots Dzor,2012,1853.0
Number of hospitalized patients,Vayots Dzor,2013,1814.0
Number of hospitalized patients,Vayots Dzor,2014,2010.0
Number of hospitalized patients,Vayots Dzor,2015,1845.0
Number of hospitalized patients,Vayots Dzor,2016,1959.0
Number of hospitalized patients,Vayots Dzor,2017,1734.0
Number of hospitalized patients,Vayots Dzor,2018,1889.0
Number of hospitalized patients,Vayots Dzor,2019,2138.0
Number of hospitalized patients,Vayots Dzor,2020,1767.0
Number of hospitalized patients,Vayots Dzor,2021,1886.0
Number of hospitalized patients,Vayots Dzor,2022,1931.0
Number of hospitalized patients,Vayots Dzor,2023,1776.0
Number of hospitalized patients,Vayots Dzor,2024,2139.0
Number of hospitalized patients,Tavush,2011,5894.0
Number of hospitalized patients,Tavush,2012,6149.0
Number of hospitalized patients,Tavush,2013,6652.0
Number of hospitalized patients,Tavush,2014,7528.0
Number of hospitalized patients,Tavush,2015,7661.0
Number of hospitalized patients,Tavush,2016,8098.0
Number of hospitalized patients,Tavush,2017,7730.0
Number of hospitalized patients,Tavush,2018,7902.0
Number of hospitalized patients,Tavush,2019,8939.0
Number of hospitalized patients,Tavush,2020,8444.0
Number of hospitalized patients,Tavush,2021,9146.0
Number of hospitalized patients,Tavush,2022,8986.0
Number of hospitalized patients,Tavush,2023,8822.0
Number of hospitalized patients,Tavush,2024,8815.0
Number of hospitalized patients,Total Ra,2011,346999.0
Number of hospitalized patients,Total Ra,2012,375316.0
Number of hospitalized patients,Total Ra,2013,373069.0
Number of hospitalized patients,Total Ra,2014,406552.0
Number of hospitalized patients,Total Ra,2015,393540.0
Number of hospitalized patients,Total Ra,2016,399734.0
Number of hospitalized patients,Total Ra,2017,397633.0
Number of hospitalized patients,Total Ra,2018,406393.0
Number of hospitalized patients,Total Ra,2019,435470.0
Number of hospitalized patients,Total Ra,2020,394470.0
Number of hospitalized patients,Total Ra,2021,474039.0
Number of hospitalized patients,Total Ra,2022,472076.0
Number of hospitalized patients,Total Ra,2023,480942.0
Number of hospitalized patients,Total Ra,2024,528834.0
Annual average occupancy of a bed,Yerevan,2011,238.0
Annual average occupancy of a bed,Yerevan,2012,251.0
Annual average occupancy of a bed,Yerevan,2013,251.0
Annual average occupancy of a bed,Yerevan,2014,261.0
Annual average occupancy of a bed,Yerevan,2015,258.0
Annual average occupancy of a bed,Yerevan,2016,257.0
Annual average occupancy of a bed,Yerevan,2017,263.0
Annual average occupancy of a bed,Yerevan,2018,254.0
Annual average occupancy of a bed,Yerevan,2019,279.0
Annual average occupancy of a bed,Yerevan,2020,250.0
Annual average occupancy of a bed,Yerevan,2021,289.0
Annual average occupancy of a bed,Yerevan,2022,286.0
Annual average occupancy of a bed,Yerevan,2023,298.0
Annual average occupancy of a bed,Yerevan,2024,303.0
Annual average occupancy of a bed,Aragatsotn,2011,142.0
Annual average occupancy of a bed,Aragatsotn,2012,145.0
Annual average occupancy of a bed,Aragatsotn,2013,145.0
Annual average occupancy of a bed,Aragatsotn,2014,156.0
Annual average occupancy of a bed,Aragatsotn,2015,138.0
Annual average occupancy of a bed,Aragatsotn,2016,139.0
Annual average occupancy of a bed,Aragatsotn,2017,136.0
Annual average occupancy of a bed,Aragatsotn,2018,164.0
Annual average occupancy of a bed,Aragatsotn,2019,206.0
Annual average occupancy of a bed,Aragatsotn,2020,182.0
Annual average occupancy of a bed,Aragatsotn,2021,221.0
Annual average occupancy of a bed,Aragatsotn,2022,182.0
Annual average occupancy of a bed,Aragatsotn,2023,187.0
Annual average occupancy of a bed,Aragatsotn,2024,212.0
Annual average occupancy of a bed,Ararat,2011,203.0
Annual average occupancy of a bed,Ararat,2012,213.0
Annual average occupancy of a bed,Ararat,2013,210.0
Annual average occupancy of a bed,Ararat,2014,233.0
Annual average occupancy of a bed,Ararat,2015,221.0
Annual average occupancy of a bed,Ararat,2016,228.0
Annual average occupancy of a bed,Ararat,2017,240.0
Annual average occupancy of a bed,Ararat,2018,235.0
Annual average occupancy of a bed,Ararat,2019,243.0
Annual average occupancy of a bed,Ararat,2020,248.0
Annual average occupancy of a bed,Ararat,2021,259.0
Annual average occupancy of a bed,Ararat,2022,243.0
Annual average occupancy of a bed,Ararat,2023,232.0
Annual average occupancy of a bed,Ararat,2024,227.0
Annual average occupancy of a bed,Armavir,2011,184.0
Annual average occupancy of a bed,Armavir,2012,197.0
Annual average occupancy of a bed,Armavir,2013,205.0
Annual average occupancy of a bed,Armavir,2014,206.0
Annual average occupancy of a bed,Armavir,2015,194.0
Annual average occupancy of a bed,Armavir,2016,197.0
Annual average occupancy of a bed,Armavir,2017,193.0
Annual average occupancy of a bed,Armavir,2018,189.0
Annual average occupancy of a bed,Armavir,2019,223.0
Annual average occupancy of a bed,Armavir,2020,185.0
Annual average occupancy of a bed,Armavir,2021,240.0
Annual average occupancy of a bed,Armavir,2022,220.0
Annual average occupancy of a bed,Armavir,2023,198.0
Annual average occupancy of a bed,Armavir,2024,233.0
Annual average occupancy of a bed,Gegharkunik,2011,269.0
Annual average occupancy of a bed,Gegharkunik,2012,279.0
Annual average occupancy of a bed,Gegharkunik,2013,286.0
Annual average occupancy of a bed,Gegharkunik,2014,288.0
Annual average occupancy of a bed,Gegharkunik,2015,286.0
Annual average occupancy of a bed,Gegharkunik,2016,284.0
Annual average occupancy of a bed,Gegharkunik,2017,277.0
Annual average occupancy of a bed,Gegharkunik,2018,275.0
Annual average occupancy of a bed,Gegharkunik,2019,276.0
Annual average occupancy of a bed,Gegharkunik,2020,278.0
Annual average occupancy of a bed,Gegharkunik,2021,288.0
Annual average occupancy of a bed,Gegharkunik,2022,263.0
Annual average occupancy of a bed,Gegharkunik,2023,254.0
Annual average occupancy of a bed,Gegharkunik,2024,303.0
Annual average occupancy of a bed,Lori,2011,199.0
Annual average occupancy of a bed,Lori,2012,226.0
Annual average occupancy of a bed,Lori,2013,230.0
Annual average occupancy of a bed,Lori,2014,256.0
Annual average occupancy of a bed,Lori,2015,236.0
Annual average occupancy of a bed,Lori,2016,242.0
Annual average occupancy of a bed,Lori,2017,225.0
Annual average occupancy of a bed,Lori,2018,228.0
Annual average occupancy of a bed,Lori,2019,251.0
Annual average occupancy of a bed,Lori,2020,236.0
Annual average occupancy of a bed,Lori,2021,254.0
Annual average occupancy of a bed,Lori,2022,248.0
Annual average occupancy of a bed,Lori,2023,256.0
Annual average occupancy of a bed,Lori,2024,261.0
Annual average occupancy of a bed,Kotayk,2011,220.0
Annual average occupancy of a bed,Kotayk,2012,226.0
Annual average occupancy of a bed,Kotayk,2013,222.0
Annual average occupancy of a bed,Kotayk,2014,203.0
Annual average occupancy of a bed,Kotayk,2015,199.0
Annual average occupancy of a bed,Kotayk,2016,200.0
Annual average occupancy of a bed,Kotayk,2017,176.0
Annual average occupancy of a bed,Kotayk,2018,230.0
Annual average occupancy of a bed,Kotayk,2019,242.0
Annual average occupancy of a bed,Kotayk,2020,214.0
Annual average occupancy of a bed,Kotayk,2021,210.0
Annual average occupancy of a bed,Kotayk,2022,213.0
Annual average occupancy of a bed,Kotayk,2023,196.0
Annual average occupancy of a bed,Kotayk,2024,201.0
Annual average occupancy of a bed,Shirak,2011,185.0
Annual average occupancy of a bed,Shirak,2012,188.0
Annual average occupancy of a bed,Shirak,2013,182.0
Annual average occupancy of a bed,Shirak,2014,193.0
Annual average occupancy of a bed,Shirak,2015,172.0
Annual average occupancy of a bed,Shirak,2016,177.0
Annual average occupancy of a bed,Shirak,2017,168.0
Annual average occupancy of a bed,Shirak,2018,163.0
Annual average occupancy of a bed,Shirak,2019,165.0
Annual average occupancy of a bed,Shirak,2020,148.0
Annual average occupancy of a bed,Shirak,2021,164.0
Annual average occupancy of a bed,Shirak,2022,160.0
Annual average occupancy of a bed,Shirak,2023,155.0
Annual average occupancy of a bed,Shirak,2024,169.0
Annual average occupancy of a bed,Syunik,2011,221.0
Annual average occupancy of a bed,Syunik,2012,220.0
Annual average occupancy of a bed,Syunik,2013,221.0
Annual average occupancy of a bed,Syunik,2014,223.0
Annual average occupancy of a bed,Syunik,2015,224.0
Annual average occupancy of a bed,Syunik,2016,221.0
Annual average occupancy of a bed,Syunik,2017,206.0
Annual average occupancy of a bed,Syunik,2018,180.0
Annual average occupancy of a bed,Syunik,2019,212.0
Annual average occupancy of a bed,Syunik,2020,181.0
Annual average occupancy of a bed,Syunik,2021,209.0
Annual average occupancy of a bed,Syunik,2022,196.0
Annual average occupancy of a bed,Syunik,2023,188.0
Annual average occupancy of a bed,Syunik,2024,233.0
Annual average occupancy of a bed,Vayots Dzor,2011,107.0
Annual average occupancy of a bed,Vayots Dzor,2012,105.0
Annual average occupancy of a bed,Vayots Dzor,2013,99.0
Annual average occupancy of a bed,Vayots Dzor,2014,132.0
Annual average occupancy of a bed,Vayots Dzor,2015,118.0
Annual average occupancy of a bed,Vayots Dzor,2016,108.0
Annual average occupancy of a bed,Vayots Dzor,2017,108.0
Annual average occupancy of a bed,Vayots Dzor,2018,111.0
Annual average occupancy of a bed,Vayots Dzor,2019,127.0
Annual average occupancy of a bed,Vayots Dzor,2020,103.0
Annual average occupancy of a bed,Vayots Dzor,2021,99.0
Annual average occupancy of a bed,Vayots Dzor,2022,101.0
Annual average occupancy of a bed,Vayots Dzor,2023,94.0
Annual average occupancy of a bed,Vayots Dzor,2024,166.0
Annual average occupancy of a bed,Tavush,2011,121.0
Annual average occupancy of a bed,Tavush,2012,113.0
Annual average occupancy of a bed,Tavush,2013,135.0
Annual average occupancy of a bed,Tavush,2014,147.0
Annual average occupancy of a bed,Tavush,2015,155.0
Annual average occupancy of a bed,Tavush,2016,146.0
Annual average occupancy of a bed,Tavush,2017,135.0
Annual average occupancy of a bed,Tavush,2018,156.0
Annual average occupancy of a bed,Tavush,2019,172.0
Annual average occupancy of a bed,Tavush,2020,178.0
Annual average occupancy of a bed,Tavush,2021,200.0
Annual average occupancy of a bed,Tavush,2022,205.0
Annual average occupancy of a bed,Tavush,2023,205.0
Annual average occupancy of a bed,Tavush,2024,203.0
Annual average occupancy of a bed,Total Ra,2011,225.0
Annual average occupancy of a bed,Total Ra,2012,236.0
Annual average occupancy of a bed,Total Ra,2013,236.0
Annual average occupancy of a bed,Total Ra,2014,246.0
Annual average occupancy of a bed,Total Ra,2015,240.0
Annual average occupancy of a bed,Total Ra,2016,240.0
Annual average occupancy of a bed,Total Ra,2017,241.0
Annual average occupancy of a bed,Total Ra,2018,238.0
Annual average occupancy of a bed,Total Ra,2019,259.0
Annual average occupancy of a bed,Total Ra,2020,235.0
Annual average occupancy of a bed,Total Ra,2021,264.0
Annual average occupancy of a bed,Total Ra,2022,261.0
Annual average occupancy of a bed,Total Ra,2023,267.0
Annual average occupancy of a bed,Total Ra,2024,278.0
"Number of primary health care (PHC) service providers (except OMCs, private medical and dental offices)",Yerevan,2011,137.0
"Number of primary health care (PHC) service providers (except OMCs, private medical and dental offices)",Yerevan,2012,144.0
"Number of primary health care (PHC) service providers (except OMCs, private medical and dental offices)",Yerevan,2013,147.0
"Number of primary health care (PHC) service providers (except OMCs, private medical and dental offices)",Yerevan,2014,150.0
"Number of primary health care (PHC) service providers (except OMCs, private medical and dental offices)",Yerevan,2015,145.0
"Number of primary health care (PHC) service providers (except OMCs, private medical and dental offices)",Yerevan,2016,147.0
"Number of primary health care (PHC) service providers (except OMCs, private medical and dental offices)",Yerevan,2017,145.0
"Number of primary health care (PHC) service providers (except OMCs, private medical and dental offices)",Yerevan,2018,144.0
"Number of primary health care (PHC) service providers (except OMCs, private medical and dental offices)",Yerevan,2019,138.0
"Number of primary health care (PHC) service providers (except OMCs, private medical and dental offices)",Yerevan,2020,146.0
"Number of primary health care (PHC) service providers (except OMCs, private medical and dental offices)",Yerevan,2021,136.0
"Number of primary health care (PHC) service providers (except OMCs, private medical and dental offices)",Yerevan,2022,121.0
"Number of primary health care (PHC) service providers (except OMCs, private medical and dental offices)",Yerevan,2023,118.0
"Number of primary health care (PHC) service providers (except OMCs, private medical and dental offices)",Yerevan,2024,114.0
"Number of primary health care (PHC) service providers (except OMCs, private medical and dental offices)",Aragatsotn,2011,24.0
"Number of primary health care (PHC) service providers (except OMCs, private medical and dental offices)",Aragatsotn,2012,24.0
"Number of primary health care (PHC) service providers (except OMCs, private medical and dental offices)",Aragatsotn,2013,24.0
"Number of primary health care (PHC) service providers (except OMCs, private medical and dental offices)",Aragatsotn,2014,24.0
"Number of primary health care (PHC) service providers (except OMCs, private medical and dental offices)",Aragatsotn,2015,24.0
"Number of primary health care (PHC) service providers (except OMCs, private medical and dental offices)",Aragatsotn,2016,24.0
"Number of primary health care (PHC) service providers (except OMCs, private medical and dental offices)",Aragatsotn,2017,23.0
"Number of primary health care (PHC) service providers (except OMCs, private medical and dental offices)",Aragatsotn,2018,23.0
"Number of primary health care (PHC) service providers (except OMCs, private medical and dental offices)",Aragatsotn,2019,24.0
"Number of primary health care (PHC) service providers (except OMCs, private medical and dental offices)",Aragatsotn,2020,24.0
"Number of primary health care (PHC) service providers (except OMCs, private medical and dental offices)",Aragatsotn,2021,24.0
"Number of primary health care (PHC) service providers (except OMCs, private medical and dental offices)",Aragatsotn,2022,24.0
"Number of primary health care (PHC) service providers (except OMCs, private medical and dental offices)",Aragatsotn,2023,24.0
"Number of primary health care (PHC) service providers (except OMCs, private medical and dental offices)",Aragatsotn,2024,24.0
"Number of primary health care (PHC) service providers (except OMCs, private medical and dental offices)",Ararat,2011,59.0
"Number of primary health care (PHC) service providers (except OMCs, private medical and dental offices)",Ararat,2012,59.0
"Number of primary health care (PHC) service providers (except OMCs, private medical and dental offices)",Ararat,2013,59.0
"Number of primary health care (PHC) service providers (except OMCs, private medical and dental offices)",Ararat,2014,59.0
"Number of primary health care (PHC) service providers (except OMCs, private medical and dental offices)",Ararat,2015,59.0
"Number of primary health care (PHC) service providers (except OMCs, private medical and dental offices)",Ararat,2016,60.0
"Number of primary health care (PHC) service providers (except OMCs, private medical and dental offices)",Ararat,2017,60.0
"Number of primary health care (PHC) service providers (except OMCs, private medical and dental offices)",Ararat,2018,61.0
"Number of primary health care (PHC) service providers (except OMCs, private medical and dental offices)",Ararat,2019,60.0
"Number of primary health care (PHC) service providers (except OMCs, private medical and dental offices)",Ararat,2020,60.0
"Number of primary health care (PHC) service providers (except OMCs, private medical and dental offices)",Ararat,2021,59.0
"Number of primary health care (PHC) service providers (except OMCs, private medical and dental offices)",Ararat,2022,58.0
"Number of primary health care (PHC) service providers (except OMCs, private medical and dental offices)",Ararat,2023,59.0
"Number of primary health care (PHC) service providers (except OMCs, private medical and dental offices)",Ararat,2024,60.0
"Number of primary health care (PHC) service providers (except OMCs, private medical and dental offices)",Armavir,2011,61.0
"Number of primary health care (PHC) service providers (except OMCs, private medical and dental offices)",Armavir,2012,62.0
"Number of primary health care (PHC) service providers (except OMCs, private medical and dental offices)",Armavir,2013,61.0
"Number of primary health care (PHC) service providers (except OMCs, private medical and dental offices)",Armavir,2014,61.0
"Number of primary health care (PHC) service providers (except OMCs, private medical and dental offices)",Armavir,2015,61.0
"Number of primary health care (PHC) service providers (except OMCs, private medical and dental offices)",Armavir,2016,61.0
"Number of primary health care (PHC) service providers (except OMCs, private medical and dental offices)",Armavir,2017,61.0
"Number of primary health care (PHC) service providers (except OMCs, private medical and dental offices)",Armavir,2018,61.0
"Number of primary health care (PHC) service providers (except OMCs, private medical and dental offices)",Armavir,2019,60.0
"Number of primary health care (PHC) service providers (except OMCs, private medical and dental offices)",Armavir,2020,60.0
"Number of primary health care (PHC) service providers (except OMCs, private medical and dental offices)",Armavir,2021,59.0
"Number of primary health care (PHC) service providers (except OMCs, private medical and dental offices)",Armavir,2022,60.0
"Number of primary health care (PHC) service providers (except OMCs, private medical and dental offices)",Armavir,2023,59.0
"Number of primary health care (PHC) service providers (except OMCs, private medical and dental offices)",Armavir,2024,31.0
"Number of primary health care (PHC) service providers (except OMCs, private medical and dental offices)",Gegharkunik,2011,42.0
"Number of primary health care (PHC) service providers (except OMCs, private medical and dental offices)",Gegharkunik,2012,41.0
"Number of primary health care (PHC) service providers (except OMCs, private medical and dental offices)",Gegharkunik,2013,41.0
"Number of primary health care (PHC) service providers (except OMCs, private medical and dental offices)",Gegharkunik,2014,40.0
"Number of primary health care (PHC) service providers (except OMCs, private medical and dental offices)",Gegharkunik,2015,40.0
"Number of primary health care (PHC) service providers (except OMCs, private medical and dental offices)",Gegharkunik,2016,40.0
"Number of primary health care (PHC) service providers (except OMCs, private medical and dental offices)",Gegharkunik,2017,40.0
"Number of primary health care (PHC) service providers (except OMCs, private medical and dental offices)",Gegharkunik,2018,40.0
"Number of primary health care (PHC) service providers (except OMCs, private medical and dental offices)",Gegharkunik,2019,40.0
"Number of primary health care (PHC) service providers (except OMCs, private medical and dental offices)",Gegharkunik,2020,40.0
"Number of primary health care (PHC) service providers (except OMCs, private medical and dental offices)",Gegharkunik,2021,40.0
"Number of primary health care (PHC) service providers (except OMCs, private medical and dental offices)",Gegharkunik,2022,40.0
"Number of primary health care (PHC) service providers (except OMCs, private medical and dental offices)",Gegharkunik,2023,39.0
"Number of primary health care (PHC) service providers (except OMCs, private medical and dental offices)",Gegharkunik,2024,39.0
"Number of primary health care (PHC) service providers (except OMCs, private medical and dental offices)",Lori,2011,45.0
"Number of primary health care (PHC) service providers (except OMCs, private medical and dental offices)",Lori,2012,45.0
"Number of primary health care (PHC) service providers (except OMCs, private medical and dental offices)",Lori,2013,45.0
"Number of primary health care (PHC) service providers (except OMCs, private medical and dental offices)",Lori,2014,45.0
"Number of primary health care (PHC) service providers (except OMCs, private medical and dental offices)",Lori,2015,45.0
"Number of primary health care (PHC) service providers (except OMCs, private medical and dental offices)",Lori,2016,42.0
"Number of primary health care (PHC) service providers (except OMCs, private medical and dental offices)",Lori,2017,41.0
"Number of primary health care (PHC) service providers (except OMCs, private medical and dental offices)",Lori,2018,41.0
"Number of primary health care (PHC) service providers (except OMCs, private medical and dental offices)",Lori,2019,41.0
"Number of primary health care (PHC) service providers (except OMCs, private medical and dental offices)",Lori,2020,40.0
"Number of primary health care (PHC) service providers (except OMCs, private medical and dental offices)",Lori,2021,40.0
"Number of primary health care (PHC) service providers (except OMCs, private medical and dental offices)",Lori,2022,40.0
"Number of primary health care (PHC) service providers (except OMCs, private medical and dental offices)",Lori,2023,39.0
"Number of primary health care (PHC) service providers (except OMCs, private medical and dental offices)",Lori,2024,40.0
"Number of primary health care (PHC) service providers (except OMCs, private medical and dental offices)",Kotayk,2011,44.0
"Number of primary health care (PHC) service providers (except OMCs, private medical and dental offices)",Kotayk,2012,44.0
"Number of primary health care (PHC) service providers (except OMCs, private medical and dental offices)",Kotayk,2013,45.0
"Number of primary health care (PHC) service providers (except OMCs, private medical and dental offices)",Kotayk,2014,45.0
"Number of primary health care (PHC) service providers (except OMCs, private medical and dental offices)",Kotayk,2015,46.0
"Number of primary health care (PHC) service providers (except OMCs, private medical and dental offices)",Kotayk,2016,47.0
"Number of primary health care (PHC) service providers (except OMCs, private medical and dental offices)",Kotayk,2017,47.0
"Number of primary health care (PHC) service providers (except OMCs, private medical and dental offices)",Kotayk,2018,47.0
"Number of primary health care (PHC) service providers (except OMCs, private medical and dental offices)",Kotayk,2019,47.0
"Number of primary health care (PHC) service providers (except OMCs, private medical and dental offices)",Kotayk,2020,46.0
"Number of primary health care (PHC) service providers (except OMCs, private medical and dental offices)",Kotayk,2021,45.0
"Number of primary health care (PHC) service providers (except OMCs, private medical and dental offices)",Kotayk,2022,45.0
"Number of primary health care (PHC) service providers (except OMCs, private medical and dental offices)",Kotayk,2023,45.0
"Number of primary health care (PHC) service providers (except OMCs, private medical and dental offices)",Kotayk,2024,47.0
"Number of primary health care (PHC) service providers (except OMCs, private medical and dental offices)",Shirak,2011,32.0
"Number of primary health care (PHC) service providers (except OMCs, private medical and dental offices)",Shirak,2012,32.0
"Number of primary health care (PHC) service providers (except OMCs, private medical and dental offices)",Shirak,2013,32.0
"Number of primary health care (PHC) service providers (except OMCs, private medical and dental offices)",Shirak,2014,33.0
"Number of primary health care (PHC) service providers (except OMCs, private medical and dental offices)",Shirak,2015,32.0
"Number of primary health care (PHC) service providers (except OMCs, private medical and dental offices)",Shirak,2016,32.0
"Number of primary health care (PHC) service providers (except OMCs, private medical and dental offices)",Shirak,2017,32.0
"Number of primary health care (PHC) service providers (except OMCs, private medical and dental offices)",Shirak,2018,32.0
"Number of primary health care (PHC) service providers (except OMCs, private medical and dental offices)",Shirak,2019,32.0
"Number of primary health care (PHC) service providers (except OMCs, private medical and dental offices)",Shirak,2020,32.0
"Number of primary health care (PHC) service providers (except OMCs, private medical and dental offices)",Shirak,2021,32.0
"Number of primary health care (PHC) service providers (except OMCs, private medical and dental offices)",Shirak,2022,33.0
"Number of primary health care (PHC) service providers (except OMCs, private medical and dental offices)",Shirak,2023,32.0
"Number of primary health care (PHC) service providers (except OMCs, private medical and dental offices)",Shirak,2024,31.0
"Number of primary health care (PHC) service providers (except OMCs, private medical and dental offices)",Syunik,2011,27.0
"Number of primary health care (PHC) service providers (except OMCs, private medical and dental offices)",Syunik,2012,26.0
"Number of primary health care (PHC) service providers (except OMCs, private medical and dental offices)",Syunik,2013,26.0
"Number of primary health care (PHC) service providers (except OMCs, private medical and dental offices)",Syunik,2014,18.0
"Number of primary health care (PHC) service providers (except OMCs, private medical and dental offices)",Syunik,2015,18.0
"Number of primary health care (PHC) service providers (except OMCs, private medical and dental offices)",Syunik,2016,17.0
"Number of primary health care (PHC) service providers (except OMCs, private medical and dental offices)",Syunik,2017,17.0
"Number of primary health care (PHC) service providers (except OMCs, private medical and dental offices)",Syunik,2018,17.0
"Number of primary health care (PHC) service providers (except OMCs, private medical and dental offices)",Syunik,2019,17.0
"Number of primary health care (PHC) service providers (except OMCs, private medical and dental offices)",Syunik,2020,17.0
"Number of primary health care (PHC) service providers (except OMCs, private medical and dental offices)",Syunik,2021,17.0
"Number of primary health care (PHC) service providers (except OMCs, private medical and dental offices)",Syunik,2022,16.0
"Number of primary health care (PHC) service providers (except OMCs, private medical and dental offices)",Syunik,2023,16.0
"Number of primary health care (PHC) service providers (except OMCs, private medical and dental offices)",Syunik,2024,16.0
"Number of primary health care (PHC) service providers (except OMCs, private medical and dental offices)",Vayots Dzor,2011,9.0
"Number of primary health care (PHC) service providers (except OMCs, private medical and dental offices)",Vayots Dzor,2012,9.0
"Number of primary health care (PHC) service providers (except OMCs, private medical and dental offices)",Vayots Dzor,2013,8.0
"Number of primary health care (PHC) service providers (except OMCs, private medical and dental offices)",Vayots Dzor,2014,8.0
"Number of primary health care (PHC) service providers (except OMCs, private medical and dental offices)",Vayots Dzor,2015,8.0
"Number of primary health care (PHC) service providers (except OMCs, private medical and dental offices)",Vayots Dzor,2016,8.0
"Number of primary health care (PHC) service providers (except OMCs, private medical and dental offices)",Vayots Dzor,2017,8.0
"Number of primary health care (PHC) service providers (except OMCs, private medical and dental offices)",Vayots Dzor,2018,8.0
"Number of primary health care (PHC) service providers (except OMCs, private medical and dental offices)",Vayots Dzor,2019,8.0
"Number of primary health care (PHC) service providers (except OMCs, private medical and dental offices)",Vayots Dzor,2020,8.0
"Number of primary health care (PHC) service providers (except OMCs, private medical and dental offices)",Vayots Dzor,2021,8.0
"Number of primary health care (PHC) service providers (except OMCs, private medical and dental offices)",Vayots Dzor,2022,8.0
"Number of primary health care (PHC) service providers (except OMCs, private medical and dental offices)",Vayots Dzor,2023,8.0
"Number of primary health care (PHC) service providers (except OMCs, private medical and dental offices)",Vayots Dzor,2024,9.0
"Number of primary health care (PHC) service providers (except OMCs, private medical and dental offices)",Tavush,2011,26.0
"Number of primary health care (PHC) service providers (except OMCs, private medical and dental offices)",Tavush,2012,27.0
"Number of primary health care (PHC) service providers (except OMCs, private medical and dental offices)",Tavush,2013,26.0
"Number of primary health care (PHC) service providers (except OMCs, private medical and dental offices)",Tavush,2014,26.0
"Number of primary health care (PHC) service providers (except OMCs, private medical and dental offices)",Tavush,2015,26.0
"Number of primary health care (PHC) service providers (except OMCs, private medical and dental offices)",Tavush,2016,27.0
"Number of primary health care (PHC) service providers (except OMCs, private medical and dental offices)",Tavush,2017,27.0
"Number of primary health care (PHC) service providers (except OMCs, private medical and dental offices)",Tavush,2018,27.0
"Number of primary health care (PHC) service providers (except OMCs, private medical and dental offices)",Tavush,2019,27.0
"Number of primary health care (PHC) service providers (except OMCs, private medical and dental offices)",Tavush,2020,27.0
"Number of primary health care (PHC) service providers (except OMCs, private medical and dental offices)",Tavush,2021,27.0
"Number of primary health care (PHC) service providers (except OMCs, private medical and dental offices)",Tavush,2022,28.0
"Number of primary health care (PHC) service providers (except OMCs, private medical and dental offices)",Tavush,2023,27.0
"Number of primary health care (PHC) service providers (except OMCs, private medical and dental offices)",Tavush,2024,27.0
"Number of primary health care (PHC) service providers (except OMCs, private medical and dental offices)",Total Ra,2011,506.0
"Number of primary health care (PHC) service providers (except OMCs, private medical and dental offices)",Total Ra,2012,513.0
"Number of primary health care (PHC) service providers (except OMCs, private medical and dental offices)",Total Ra,2013,514.0
"Number of primary health care (PHC) service providers (except OMCs, private medical and dental offices)",Total Ra,2014,509.0
"Number of primary health care (PHC) service providers (except OMCs, private medical and dental offices)",Total Ra,2015,504.0
"Number of primary health care (PHC) service providers (except OMCs, private medical and dental offices)",Total Ra,2016,505.0
"Number of primary health care (PHC) service providers (except OMCs, private medical and dental offices)",Total Ra,2017,501.0
"Number of primary health care (PHC) service providers (except OMCs, private medical and dental offices)",Total Ra,2018,501.0
"Number of primary health care (PHC) service providers (except OMCs, private medical and dental offices)",Total Ra,2019,494.0
"Number of primary health care (PHC) service providers (except OMCs, private medical and dental offices)",Total Ra,2020,500.0
"Number of primary health care (PHC) service providers (except OMCs, private medical and dental offices)",Total Ra,2021,487.0
"Number of primary health care (PHC) service providers (except OMCs, private medical and dental offices)",Total Ra,2022,473.0
"Number of primary health care (PHC) service providers (except OMCs, private medical and dental offices)",Total Ra,2023,466.0
"Number of primary health care (PHC) service providers (except OMCs, private medical and dental offices)",Total Ra,2024,438.0
Number of ambulatory clinics in rural communities,Yerevan,2011,
Number of ambulatory clinics in rural communities,Yerevan,2012,
Number of ambulatory clinics in rural communities,Yerevan,2013,
Number of ambulatory clinics in rural communities,Yerevan,2014,
Number of ambulatory clinics in rural communities,Yerevan,2015,
Number of ambulatory clinics in rural communities,Yerevan,2016,
Number of ambulatory clinics in rural communities,Yerevan,2017,
Number of ambulatory clinics in rural communities,Yerevan,2018,
Number of ambulatory clinics in rural communities,Yerevan,2019,
Number of ambulatory clinics in rural communities,Yerevan,2020,
Number of ambulatory clinics in rural communities,Yerevan,2021,
Number of ambulatory clinics in rural communities,Yerevan,2022,
Number of ambulatory clinics in rural communities,Yerevan,2023,
Number of ambulatory clinics in rural communities,Yerevan,2024,
Number of ambulatory clinics in rural communities,Aragatsotn,2011,16.0
Number of ambulatory clinics in rural communities,Aragatsotn,2012,16.0
Number of ambulatory clinics in rural communities,Aragatsotn,2013,16.0
Number of ambulatory clinics in rural communities,Aragatsotn,2014,16.0
Number of ambulatory clinics in rural communities,Aragatsotn,2015,16.0
Number of ambulatory clinics in rural communities,Aragatsotn,2016,16.0
Number of ambulatory clinics in rural communities,Aragatsotn,2017,15.0
Number of ambulatory clinics in rural communities,Aragatsotn,2018,15.0
Number of ambulatory clinics in rural communities,Aragatsotn,2019,16.0
Number of ambulatory clinics in rural communities,Aragatsotn,2020,16.0
Number of ambulatory clinics in rural communities,Aragatsotn,2021,16.0
Number of ambulatory clinics in rural communities,Aragatsotn,2022,16.0
Number of ambulatory clinics in rural communities,Aragatsotn,2023,16.0
Number of ambulatory clinics in rural communities,Aragatsotn,2024,16.0
Number of ambulatory clinics in rural communities,Ararat,2011,49.0
Number of ambulatory clinics in rural communities,Ararat,2012,49.0
Number of ambulatory clinics in rural communities,Ararat,2013,49.0
Number of ambulatory clinics in rural communities,Ararat,2014,49.0
Number of ambulatory clinics in rural communities,Ararat,2015,49.0
Number of ambulatory clinics in rural communities,Ararat,2016,50.0
Number of ambulatory clinics in rural communities,Ararat,2017,50.0
Number of ambulatory clinics in rural communities,Ararat,2018,50.0
Number of ambulatory clinics in rural communities,Ararat,2019,50.0
Number of ambulatory clinics in rural communities,Ararat,2020,50.0
Number of ambulatory clinics in rural communities,Ararat,2021,50.0
Number of ambulatory clinics in rural communities,Ararat,2022,50.0
Number of ambulatory clinics in rural communities,Ararat,2023,50.0
Number of ambulatory clinics in rural communities,Ararat,2024,50.0
Number of ambulatory clinics in rural communities,Armavir,2011,51.0
Number of ambulatory clinics in rural communities,Armavir,2012,52.0
Number of ambulatory clinics in rural communities,Armavir,2013,52.0
Number of ambulatory clinics in rural communities,Armavir,2014,52.0
Number of ambulatory clinics in rural communities,Armavir,2015,52.0
Number of ambulatory clinics in rural communities,Armavir,2016,52.0
Number of ambulatory clinics in rural communities,Armavir,2017,52.0
Number of ambulatory clinics in rural communities,Armavir,2018,52.0
Number of ambulatory clinics in rural communities,Armavir,2019,52.0
Number of ambulatory clinics in rural communities,Armavir,2020,52.0
Number of ambulatory clinics in rural communities,Armavir,2021,52.0
Number of ambulatory clinics in rural communities,Armavir,2022,52.0
Number of ambulatory clinics in rural communities,Armavir,2023,52.0
Number of ambulatory clinics in rural communities,Armavir,2024,22.0
Number of ambulatory clinics in rural communities,Gegharkunik,2011,31.0
Number of ambulatory clinics in rural communities,Gegharkunik,2012,31.0
Number of ambulatory clinics in rural communities,Gegharkunik,2013,31.0
Number of ambulatory clinics in rural communities,Gegharkunik,2014,30.0
Number of ambulatory clinics in rural communities,Gegharkunik,2015,30.0
Number of ambulatory clinics in rural communities,Gegharkunik,2016,30.0
Number of ambulatory clinics in rural communities,Gegharkunik,2017,30.0
Number of ambulatory clinics in rural communities,Gegharkunik,2018,30.0
Number of ambulatory clinics in rural communities,Gegharkunik,2019,30.0
Number of ambulatory clinics in rural communities,Gegharkunik,2020,30.0
Number of ambulatory clinics in rural communities,Gegharkunik,2021,30.0
Number of ambulatory clinics in rural communities,Gegharkunik,2022,30.0
Number of ambulatory clinics in rural communities,Gegharkunik,2023,30.0
Number of ambulatory clinics in rural communities,Gegharkunik,2024,30.0
Number of ambulatory clinics in rural communities,Lori,2011,19.0
Number of ambulatory clinics in rural communities,Lori,2012,19.0
Number of ambulatory clinics in rural communities,Lori,2013,20.0
Number of ambulatory clinics in rural communities,Lori,2014,21.0
Number of ambulatory clinics in rural communities,Lori,2015,21.0
Number of ambulatory clinics in rural communities,Lori,2016,17.0
Number of ambulatory clinics in rural communities,Lori,2017,18.0
Number of ambulatory clinics in rural communities,Lori,2018,18.0
Number of ambulatory clinics in rural communities,Lori,2019,18.0
Number of ambulatory clinics in rural communities,Lori,2020,18.0
Number of ambulatory clinics in rural communities,Lori,2021,17.0
Number of ambulatory clinics in rural communities,Lori,2022,17.0
Number of ambulatory clinics in rural communities,Lori,2023,17.0
Number of ambulatory clinics in rural communities,Lori,2024,17.0
Number of ambulatory clinics in rural communities,Kotayk,2011,30.0
Number of ambulatory clinics in rural communities,Kotayk,2012,30.0
Number of ambulatory clinics in rural communities,Kotayk,2013,30.0
Number of ambulatory clinics in rural communities,Kotayk,2014,30.0
Number of ambulatory clinics in rural communities,Kotayk,2015,30.0
Number of ambulatory clinics in rural communities,Kotayk,2016,30.0
Number of ambulatory clinics in rural communities,Kotayk,2017,30.0
Number of ambulatory clinics in rural communities,Kotayk,2018,30.0
Number of ambulatory clinics in rural communities,Kotayk,2019,30.0
Number of ambulatory clinics in rural communities,Kotayk,2020,30.0
Number of ambulatory clinics in rural communities,Kotayk,2021,30.0
Number of ambulatory clinics in rural communities,Kotayk,2022,30.0
Number of ambulatory clinics in rural communities,Kotayk,2023,30.0
Number of ambulatory clinics in rural communities,Kotayk,2024,30.0
Number of ambulatory clinics in rural communities,Shirak,2011,11.0
Number of ambulatory clinics in rural communities,Shirak,2012,11.0
Number of ambulatory clinics in rural communities,Shirak,2013,11.0
Number of ambulatory clinics in rural communities,Shirak,2014,11.0
Number of ambulatory clinics in rural communities,Shirak,2015,11.0
Number of ambulatory clinics in rural communities,Shirak,2016,12.0
Number of ambulatory clinics in rural communities,Shirak,2017,12.0
Number of ambulatory clinics in rural communities,Shirak,2018,12.0
Number of ambulatory clinics in rural communities,Shirak,2019,12.0
Number of ambulatory clinics in rural communities,Shirak,2020,12.0
Number of ambulatory clinics in rural communities,Shirak,2021,12.0
Number of ambulatory clinics in rural communities,Shirak,2022,12.0
Number of ambulatory clinics in rural communities,Shirak,2023,12.0
Number of ambulatory clinics in rural communities,Shirak,2024,12.0
Number of ambulatory clinics in rural communities,Syunik,2011,19.0
Number of ambulatory clinics in rural communities,Syunik,2012,18.0
Number of ambulatory clinics in rural communities,Syunik,2013,18.0
Number of ambulatory clinics in rural communities,Syunik,2014,10.0
Number of ambulatory clinics in rural communities,Syunik,2015,10.0
Number of ambulatory clinics in rural communities,Syunik,2016,10.0
Number of ambulatory clinics in rural communities,Syunik,2017,10.0
Number of ambulatory clinics in rural communities,Syunik,2018,10.0
Number of ambulatory clinics in rural communities,Syunik,2019,10.0
Number of ambulatory clinics in rural communities,Syunik,2020,10.0
Number of ambulatory clinics in rural communities,Syunik,2021,10.0
Number of ambulatory clinics in rural communities,Syunik,2022,9.0
Number of ambulatory clinics in rural communities,Syunik,2023,9.0
Number of ambulatory clinics in rural communities,Syunik,2024,9.0
Number of ambulatory clinics in rural communities,Vayots Dzor,2011,5.0
Number of ambulatory clinics in rural communities,Vayots Dzor,2012,5.0
Number of ambulatory clinics in rural communities,Vayots Dzor,2013,5.0
Number of ambulatory clinics in rural communities,Vayots Dzor,2014,5.0
Number of ambulatory clinics in rural communities,Vayots Dzor,2015,5.0
Number of ambulatory clinics in rural communities,Vayots Dzor,2016,5.0
Number of ambulatory clinics in rural communities,Vayots Dzor,2017,5.0
Number of ambulatory clinics in rural communities,Vayots Dzor,2018,5.0
Number of ambulatory clinics in rural communities,Vayots Dzor,2019,5.0
Number of ambulatory clinics in rural communities,Vayots Dzor,2020,5.0
Number of ambulatory clinics in rural communities,Vayots Dzor,2021,5.0
Number of ambulatory clinics in rural communities,Vayots Dzor,2022,5.0
Number of ambulatory clinics in rural communities,Vayots Dzor,2023,5.0
Number of ambulatory clinics in rural communities,Vayots Dzor,2024,5.0
Number of ambulatory clinics in rural communities,Tavush,2011,18.0
Number of ambulatory clinics in rural communities,Tavush,2012,18.0
Number of ambulatory clinics in rural communities,Tavush,2013,18.0
Number of ambulatory clinics in rural communities,Tavush,2014,18.0
Number of ambulatory clinics in rural communities,Tavush,2015,18.0
Number of ambulatory clinics in rural communities,Tavush,2016,18.0
Number of ambulatory clinics in rural communities,Tavush,2017,18.0
Number of ambulatory clinics in rural communities,Tavush,2018,18.0
Number of ambulatory clinics in rural communities,Tavush,2019,18.0
Number of ambulatory clinics in rural communities,Tavush,2020,18.0
Number of ambulatory clinics in rural communities,Tavush,2021,18.0
Number of ambulatory clinics in rural communities,Tavush,2022,18.0
Number of ambulatory clinics in rural communities,Tavush,2023,18.0
Number of ambulatory clinics in rural communities,Tavush,2024,18.0
Number of ambulatory clinics in rural communities,Total Ra,2011,249.0
Number of ambulatory clinics in rural communities,Total Ra,2012,249.0
Number of ambulatory clinics in rural communities,Total Ra,2013,250.0
Number of ambulatory clinics in rural communities,Total Ra,2014,242.0
Number of ambulatory clinics in rural communities,Total Ra,2015,242.0
Number of ambulatory clinics in rural communities,Total Ra,2016,240.0
Number of ambulatory clinics in rural communities,Total Ra,2017,240.0
Number of ambulatory clinics in rural communities,Total Ra,2018,240.0
Number of ambulatory clinics in rural communities,Total Ra,2019,241.0
Number of ambulatory clinics in rural communities,Total Ra,2020,241.0
Number of ambulatory clinics in rural communities,Total Ra,2021,240.0
Number of ambulatory clinics in rural communities,Total Ra,2022,239.0
Number of ambulatory clinics in rural communities,Total Ra,2023,239.0
Number of ambulatory clinics in rural communities,Total Ra,2024,209.0
