marz,year,poverty_rate,extreme_poverty_rate,non_poor_rate
Yerevan,2008.0,20.1,1.1,79.9
Aragatsotn,2008.0,20.3,0.5,79.7
Ararat,2008.0,31.3,1.6,68.7
Armavir,2008.0,24.5,0.7,75.5
Gegharkunik,2008.0,32.0,0.4,68.0
Lori,2008.0,34.2,2.8,65.8
Kotayk,2008.0,39.5,2.1,60.5
Shirak,2008.0,42.4,4.6,57.6
Syunik,2008.0,20.3,1.3,79.7
Vayots Dzor,2008.0,21.1,1.9,78.9
Tavush,2008.0,23.2,1.7,76.8
Yerevan,2009.0,26.7,2.1,73.3
Aragatsotn,2009.0,25.4,1.6,74.6
Ararat,2009.0,39.8,3.4,60.2
Armavir,2009.0,31.3,3.7,68.7
Gegharkunik,2009.0,40.4,2.2,59.6
Lori,2009.0,41.7,7.7,58.3
Kotayk,2009.0,43.0,6.6,57.0
Shirak,2009.0,47.2,5.5,52.8
Syunik,2009.0,23.4,2.2,76.6
Vayots Dzor,2009.0,30.3,1.6,69.7
Tavush,2009.0,31.3,1.8,68.7
Yerevan,2010.0,27.1,2.2,72.9
Aragatsotn,2010.0,28.9,2.8,71.1
Ararat,2010.0,42.4,2.9,57.6
Armavir,2010.0,33.0,1.4,67.0
Gegharkunik,2010.0,43.6,1.4,56.4
Lori,2010.0,45.9,5.2,54.1
Kotayk,2010.0,46.8,5.8,53.2
Shirak,2010.0,48.3,5.0,51.7
Syunik,2010.0,26.8,1.7,73.2
Vayots Dzor,2010.0,37.1,2.2,62.9
Tavush,2010.0,26.1,1.2,73.9
Yerevan,2011.0,27.5,2.7,72.5
Aragatsotn,2011.0,20.7,1.1,79.3
Ararat,2011.0,39.3,2.5,60.7
Armavir,2011.0,37.0,5.6,63.0
Gegharkunik,2011.0,37.0,1.5,63.0
Lori,2011.0,45.4,4.7,54.6
Kotayk,2011.0,45.5,7.1,54.5
Shirak,2011.0,47.7,7.0,52.3
Syunik,2011.0,26.8,1.1,73.2
Vayots Dzor,2011.0,29.9,1.5,70.1
Tavush,2011.0,26.7,2.0,73.3
Yerevan,2012.0,25.6,2.2,74.4
Aragatsotn,2012.0,21.2,0.9,78.8
Ararat,2012.0,34.6,2.1,65.4
Armavir,2012.0,34.3,3.4,65.7
Gegharkunik,2012.0,35.5,1.4,64.5
Lori,2012.0,38.7,3.4,61.3
Kotayk,2012.0,42.5,5.7,57.5
Shirak,2012.0,46.0,5.5,54.0
Syunik,2012.0,25.6,0.7,74.4
Vayots Dzor,2012.0,20.7,0.5,79.3
Tavush,2012.0,27.5,1.9,72.5
Yerevan,2013.0,25.5,2.1,74.5
Aragatsotn,2013.0,22.7,1.1,77.3
Ararat,2013.0,32.4,1.7,67.6
Armavir,2013.0,31.3,3.3,68.7
Gegharkunik,2013.0,35.8,2.4,64.2
Lori,2013.0,38.6,2.6,61.4
Kotayk,2013.0,42.5,5.1,67.5
Shirak,2013.0,45.9,4.0,54.1
Syunik,2013.0,25.2,1.8,74.8
Vayots Dzor,2013.0,21.0,0.7,79.0
Tavush,2013.0,27.7,2.5,72.3
Yerevan,2014.0,25.2,2.0,74.8
Aragatsotn,2014.0,18.7,0.5,81.3
Ararat,2014.0,28.5,1.6,71.5
Armavir,2014.0,29.0,2.9,71.0
Gegharkunik,2014.0,32.3,2.1,67.7
Lori,2014.0,36.4,3.0,63.6
Kotayk,2014.0,37.2,2.9,62.8
Shirak,2014.0,44.2,3.8,55.8
Syunik,2014.0,24.2,1.0,75.8
Vayots Dzor,2014.0,18.2,0.6,81.8
Tavush,2014.0,30.6,2.7,69.4
Yerevan,2015.0,25.0,2.0,75.0
Aragatsotn,2015.0,16.1,0.4,83.9
Ararat,2015.0,27.3,1.3,72.7
Armavir,2015.0,29.6,2.1,70.4
Gegharkunik,2015.0,32.1,1.3,67.9
Lori,2015.0,36.2,2.8,63.8
Kotayk,2015.0,35.9,2.3,64.1
Shirak,2015.0,45.3,3.9,54.7
Syunik,2015.0,24.5,0.7,75.5
Vayots Dzor,2015.0,16.9,1.0,83.1
Tavush,2015.0,35.3,2.0,64.7
Yerevan,2016.0,24.9,1.9,75.1
Aragatsotn,2016.0,15.7,0.6,84.3
Ararat,2016.0,26.9,1.0,73.1
Armavir,2016.0,30.0,1.5,70.0
Gegharkunik,2016.0,28.8,1.0,70.5
Lori,2016.0,35.8,2.7,64.0
Kotayk,2016.0,35.4,1.3,64.6
Shirak,2016.0,45.5,3.7,54.5
Syunik,2016.0,24.2,1.1,75.8
Vayots Dzor,2016.0,18.8,1.2,81.2
Tavush,2016.0,33.8,1.9,66.2
Yerevan,2017.0,22.4,1.0,77.6
Aragatsotn,2017.0,17.6,0.0,82.4
Ararat,2017.0,21.7,1.6,78.3
Armavir,2017.0,26.2,0.8,73.8
Gegharkunik,2017.0,20.5,1.3,79.5
Lori,2017.0,29.7,2.1,70.3
Kotayk,2017.0,31.1,1.5,68.9
Shirak,2017.0,44.3,4.7,55.7
Syunik,2017.0,18.5,0.0,81.5
Vayots Dzor,2017.0,16.9,0.0,83.1
Tavush,2017.0,27.8,1.1,72.2
Yerevan,2018.0,19.9,1.0,80.1
Aragatsotn,2018.0,16.2,0.0,83.8
Ararat,2018.0,19.8,0.0,80.2
Armavir,2018.0,23.5,0.9,76.5
Gegharkunik,2018.0,22.4,0.0,77.6
Lori,2018.0,29.4,3.1,70.6
Kotayk,2018.0,22.7,0.0,77.3
Shirak,2018.0,42.2,2.6,57.8
Syunik,2018.0,16.7,0.0,83.3
Vayots Dzor,2018.0,18.6,1.6,81.4
Tavush,2018.0,25.6,0.9,74.4
Yerevan,2019.0,14.1,1.1,85.9
Aragatsotn,2019.0,51.4,7.7,48.6
Ararat,2019.0,29.4,0.5,70.6
Armavir,2019.0,22.5,1.2,77.5
Gegharkunik,2019.0,43.5,3.4,56.5
Lori,2019.0,30.1,1.5,69.9
Kotayk,2019.0,31.9,0.6,68.1
Shirak,2019.0,48.4,1.7,51.6
Syunik,2019.0,12.1,0.0,87.9
Vayots Dzor,2019.0,19.3,0.0,80.7
Tavush,2019.0,25.6,0.6,74.4
Yerevan,2020.0,19.9,0.2,80.1
Aragatsotn,2020.0,32.9,1.2,67.1
Ararat,2020.0,32.8,0.1,67.2
Armavir,2020.0,32.2,2.3,67.8
Gegharkunik,2020.0,48.1,1.9,51.9
Lori,2020.0,19.0,0.2,81.0
Kotayk,2020.0,17.4,0.0,82.6
Shirak,2020.0,42.9,2.2,57.1
Syunik,2020.0,6.1,0.0,93.9
Vayots Dzor,2020.0,21.9,0.0,78.1
Tavush,2020.0,37.5,0.7,62.5
Yerevan,2021.0,15.9,0.2,84.1
Aragatsotn,2021.0,13.5,0.0,86.5
Ararat,2021.0,28.0,1.0,72.0
Armavir,2021.0,37.9,4.0,62.1
Gegharkunik,2021.0,49.1,4.7,50.9
Lori,2021.0,21.8,0.2,78.2
Kotayk,2021.0,23.6,2.0,76.4
Shirak,2021.0,46.9,3.1,53.1
Syunik,2021.0,2.8,0.0,97.2
Vayots Dzor,2021.0,26.6,0.0,73.4
Tavush,2021.0,38.2,1.3,61.8
Yerevan,2022.0,18.5,0.2,81.5
Aragatsotn,2022.0,7.9,0.0,92.1
Ararat,2022.0,23.8,1.0,76.2
Armavir,2022.0,40.8,4.0,59.2
Gegharkunik,2022.0,33.9,4.7,66.1
Lori,2022.0,18.6,0.2,81.4
Kotayk,2022.0,26.1,2.0,73.9
Shirak,2022.0,41.6,3.1,58.4
Syunik,2022.0,5.4,0.0,94.6
Vayots Dzor,2022.0,15.7,0.0,84.3
Tavush,2022.0,37.4,1.3,62.6
Yerevan,2023.0,17.9,0.2,82.1
Aragatsotn,2023.0,9.2,0.0,90.8
Ararat,2023.0,30.3,1.8,69.7
Armavir,2023.0,25.9,1.6,74.1
Gegharkunik,2023.0,35.4,3.1,64.6
Lori,2023.0,14.2,0.3,85.8
Kotayk,2023.0,23.2,0.0,76.8
Shirak,2023.0,43.1,4.0,56.9
Syunik,2023.0,7.0,0.0,93.0
Vayots Dzor,2023.0,30.9,0.4,69.1
Tavush,2023.0,37.2,2.6,62.8
Yerevan,2024.0,16.9,0.4,83.1
Aragatsotn,2024.0,7.6,0.0,92.4
Ararat,2024.0,15.7,0.0,84.3
Armavir,2024.0,27.0,0.6,73.0
Gegharkunik,2024.0,27.6,0.4,72.4
Lori,2024.0,20.4,1.0,79.6
Kotayk,2024.0,24.8,0.3,75.2
Shirak,2024.0,43.0,2.4,57.0
Syunik,2024.0,6.2,0.0,93.8
Vayots Dzor,2024.0,30.3,0.0,69.7
Tavush,2024.0,39.9,2.0,60.1
